Year,Leading Cause,Sex,Race Ethnicity,Deaths,Population Number,Death Rate,Age Adjusted Death Rate
2007,"Accidents Except Drug Posioning (V01-X39, X43, X45-X59, Y85-Y86)",F,Asian and Pacific Islander,32.0,5161.3,6.2,7.6
2007,"Accidents Except Drug Posioning (V01-X39, X43, X45-X59, Y85-Y86)",F,Black Non-Hispanic,87.0,10481.9,8.3,8.1
2007,"Accidents Except Drug Posioning (V01-X39, X43, X45-X59, Y85-Y86)",F,Hispanic,71.0,11639.3,6.1,7.1
2007,"Accidents Except Drug Posioning (V01-X39, X43, X45-X59, Y85-Y86)",F,Not Stated/Unknown,,,,
2007,"Accidents Except Drug Posioning (V01-X39, X43, X45-X59, Y85-Y86)",F,Other Race/ Ethnicity,,,,
2007,"Accidents Except Drug Posioning (V01-X39, X43, X45-X59, Y85-Y86)",F,White Non-Hispanic,162.0,14336.3,11.3,7.3
2007,"Accidents Except Drug Posioning (V01-X39, X43, X45-X59, Y85-Y86)",M,Asian and Pacific Islander,53.0,4818.2,11.0,13.0
2007,"Accidents Except Drug Posioning (V01-X39, X43, X45-X59, Y85-Y86)",M,Black Non-Hispanic,158.0,8540.5,18.5,20.6
2007,"Accidents Except Drug Posioning (V01-X39, X43, X45-X59, Y85-Y86)",M,Hispanic,154.0,10922.0,14.1,17.4
2007,"Accidents Except Drug Posioning (V01-X39, X43, X45-X59, Y85-Y86)",M,Not Stated/Unknown,8.0,,,
2007,"Accidents Except Drug Posioning (V01-X39, X43, X45-X59, Y85-Y86)",M,Other Race/ Ethnicity,5.0,,,
2007,"Accidents Except Drug Posioning (V01-X39, X43, X45-X59, Y85-Y86)",M,White Non-Hispanic,297.0,13378.4,22.2,19.8
2007,All Other Causes,F,Asian and Pacific Islander,182.0,5155.8,35.3,44.6
2007,All Other Causes,F,Black Non-Hispanic,1230.0,10530.8,116.8,113.4
2007,All Other Causes,F,Hispanic,820.0,11680.9,70.2,85.6
2007,All Other Causes,F,Not Stated/Unknown,27.0,,,
2007,All Other Causes,F,Other Race/ Ethnicity,15.0,,,
2007,All Other Causes,F,White Non-Hispanic,1680.0,14346.7,117.1,81.5
2007,All Other Causes,M,Asian and Pacific Islander,221.0,4835.9,45.7,61.2
2007,All Other Causes,M,Black Non-Hispanic,1163.0,8520.1,136.5,162.4
2007,All Other Causes,M,Hispanic,988.0,10905.1,90.6,142.6
2007,All Other Causes,M,Not Stated/Unknown,43.0,,,
2007,All Other Causes,M,Other Race/ Ethnicity,24.0,,,
2007,All Other Causes,M,White Non-Hispanic,1749.0,13381.8,130.7,115.9
2007,Alzheimer's Disease (G30),F,Not Stated/Unknown,,,,
2007,Alzheimer's Disease (G30),F,White Non-Hispanic,107.0,14266.7,7.5,3.5
2007,Aortic Aneurysm and Dissection (I71),F,Not Stated/Unknown,,,,
2007,"Assault (Homicide: Y87.1, X85-Y09)",F,Other Race/ Ethnicity,,,,
2007,"Assault (Homicide: Y87.1, X85-Y09)",M,Black Non-Hispanic,267.0,8530.4,31.3,31.1
2007,"Assault (Homicide: Y87.1, X85-Y09)",M,Hispanic,114.0,10857.1,10.5,9.9
2007,"Assault (Homicide: Y87.1, X85-Y09)",M,Not Stated/Unknown,,,,
2007,"Assault (Homicide: Y87.1, X85-Y09)",M,Other Race/ Ethnicity,,,,
2007,Atherosclerosis (I70),F,Other Race/ Ethnicity,,,,
2007,Cerebrovascular Disease (Stroke: I60-I69),F,Asian and Pacific Islander,70.0,5147.1,13.6,17.6
2007,Cerebrovascular Disease (Stroke: I60-I69),F,Black Non-Hispanic,279.0,10528.3,26.5,25.3
2007,Cerebrovascular Disease (Stroke: I60-I69),F,Hispanic,164.0,11714.3,14.0,18.3
2007,Cerebrovascular Disease (Stroke: I60-I69),F,Not Stated/Unknown,,,,
2007,Cerebrovascular Disease (Stroke: I60-I69),F,Other Race/ Ethnicity,,,,
2007,Cerebrovascular Disease (Stroke: I60-I69),F,White Non-Hispanic,372.0,14362.9,25.9,14.4
2007,Cerebrovascular Disease (Stroke: I60-I69),M,Asian and Pacific Islander,56.0,4827.6,11.6,16.2
2007,Cerebrovascular Disease (Stroke: I60-I69),M,Black Non-Hispanic,213.0,8520.0,25.0,33.0
2007,Cerebrovascular Disease (Stroke: I60-I69),M,Hispanic,126.0,10862.1,11.6,20.0
2007,Cerebrovascular Disease (Stroke: I60-I69),M,Other Race/ Ethnicity,7.0,,,
2007,Cerebrovascular Disease (Stroke: I60-I69),M,White Non-Hispanic,267.0,13350.0,20.0,16.7
2007,Certain Conditions originating in the Perinatal Period (P00-P96),F,Not Stated/Unknown,,,,
2007,Certain Conditions originating in the Perinatal Period (P00-P96),F,Other Race/ Ethnicity,,,,
2007,"Chronic Liver Disease and Cirrhosis (K70, K73)",F,Not Stated/Unknown,,,,
2007,"Chronic Liver Disease and Cirrhosis (K70, K73)",M,Asian and Pacific Islander,18.0,4864.9,3.7,3.6
2007,"Chronic Liver Disease and Cirrhosis (K70, K73)",M,Hispanic,107.0,10918.4,9.8,12.8
2007,"Chronic Liver Disease and Cirrhosis (K70, K73)",M,Other Race/ Ethnicity,,,,
2007,Chronic Lower Respiratory Diseases (J40-J47),F,Asian and Pacific Islander,29.0,5178.6,5.6,7.9
2007,Chronic Lower Respiratory Diseases (J40-J47),F,Black Non-Hispanic,163.0,10516.1,15.5,14.8
2007,Chronic Lower Respiratory Diseases (J40-J47),F,Hispanic,116.0,11717.2,9.9,12.8
2007,Chronic Lower Respiratory Diseases (J40-J47),F,Not Stated/Unknown,6.0,,,
2007,Chronic Lower Respiratory Diseases (J40-J47),F,Other Race/ Ethnicity,,,,
2007,Chronic Lower Respiratory Diseases (J40-J47),F,White Non-Hispanic,472.0,14346.5,32.9,19.6
2007,Chronic Lower Respiratory Diseases (J40-J47),M,Asian and Pacific Islander,43.0,4831.5,8.9,16.7
2007,Chronic Lower Respiratory Diseases (J40-J47),M,Black Non-Hispanic,137.0,8509.3,16.1,22.7
2007,Chronic Lower Respiratory Diseases (J40-J47),M,Not Stated/Unknown,,,,
2007,Chronic Lower Respiratory Diseases (J40-J47),M,Other Race/ Ethnicity,,,,
2007,Chronic Lower Respiratory Diseases (J40-J47),M,White Non-Hispanic,345.0,13372.1,25.8,21.7
2007,"Congenital Malformations, Deformations, and Chromosomal Abnormalities (Q00-Q99)",F,Other Race/ Ethnicity,,,,
2007,Diabetes Mellitus (E10-E14),F,Asian and Pacific Islander,34.0,5151.5,6.6,8.3
2007,Diabetes Mellitus (E10-E14),F,Black Non-Hispanic,358.0,10529.4,34.0,32.5
2007,Diabetes Mellitus (E10-E14),F,Hispanic,205.0,11647.7,17.6,22.6
2007,Diabetes Mellitus (E10-E14),F,Not Stated/Unknown,,,,
2007,Diabetes Mellitus (E10-E14),F,Other Race/ Ethnicity,,,,
2007,Diabetes Mellitus (E10-E14),F,White Non-Hispanic,231.0,14347.8,16.1,9.8
2007,Diabetes Mellitus (E10-E14),M,Asian and Pacific Islander,47.0,4845.4,9.7,13.6
2007,Diabetes Mellitus (E10-E14),M,Black Non-Hispanic,246.0,8512.1,28.9,38.1
2007,Diabetes Mellitus (E10-E14),M,Hispanic,177.0,10925.9,16.2,27.6
2007,Diabetes Mellitus (E10-E14),M,Not Stated/Unknown,9.0,,,
2007,Diabetes Mellitus (E10-E14),M,Other Race/ Ethnicity,11.0,,,
2007,Diabetes Mellitus (E10-E14),M,White Non-Hispanic,237.0,13389.8,17.7,15.0
2007,"Diseases of Heart (I00-I09, I11, I13, I20-I51)",F,Asian and Pacific Islander,428.0,5150.4,83.1,115.2
2007,"Diseases of Heart (I00-I09, I11, I13, I20-I51)",F,Black Non-Hispanic,2722.0,10525.9,258.6,247.3
2007,"Diseases of Heart (I00-I09, I11, I13, I20-I51)",F,Hispanic,1418.0,11670.8,121.5,164.3
2007,"Diseases of Heart (I00-I09, I11, I13, I20-I51)",F,Not Stated/Unknown,82.0,,,
2007,"Diseases of Heart (I00-I09, I11, I13, I20-I51)",F,Other Race/ Ethnicity,43.0,,,
2007,"Diseases of Heart (I00-I09, I11, I13, I20-I51)",F,White Non-Hispanic,7050.0,14346.8,491.4,250.7
2007,"Diseases of Heart (I00-I09, I11, I13, I20-I51)",M,Asian and Pacific Islander,496.0,4839.0,102.5,157.8
2007,"Diseases of Heart (I00-I09, I11, I13, I20-I51)",M,Black Non-Hispanic,2121.0,8521.5,248.9,340.2
2007,"Diseases of Heart (I00-I09, I11, I13, I20-I51)",M,Hispanic,1327.0,10903.9,121.7,238.4
2007,"Diseases of Heart (I00-I09, I11, I13, I20-I51)",M,Not Stated/Unknown,86.0,,,
2007,"Diseases of Heart (I00-I09, I11, I13, I20-I51)",M,Other Race/ Ethnicity,36.0,,,
2007,"Diseases of Heart (I00-I09, I11, I13, I20-I51)",M,White Non-Hispanic,5632.0,13377.7,421.0,350.7
2007,"Essential Hypertension and Renal Diseases (I10, I12)",F,Asian and Pacific Islander,22.0,5116.3,4.3,6.3
2007,"Essential Hypertension and Renal Diseases (I10, I12)",F,Black Non-Hispanic,166.0,10506.3,15.8,15.0
2007,"Essential Hypertension and Renal Diseases (I10, I12)",F,Hispanic,78.0,11641.8,6.7,8.9
2007,"Essential Hypertension and Renal Diseases (I10, I12)",F,Not Stated/Unknown,5.0,,,
2007,"Essential Hypertension and Renal Diseases (I10, I12)",F,White Non-Hispanic,155.0,14351.9,10.8,5.9
2007,"Essential Hypertension and Renal Diseases (I10, I12)",M,Asian and Pacific Islander,25.0,4807.7,5.2,8.3
2007,"Essential Hypertension and Renal Diseases (I10, I12)",M,Black Non-Hispanic,137.0,8509.3,16.1,22.0
2007,"Essential Hypertension and Renal Diseases (I10, I12)",M,White Non-Hispanic,123.0,13369.6,9.2,7.6
2007,Human Immunodeficiency Virus Disease (HIV: B20-B24),F,Black Non-Hispanic,248.0,10508.5,23.6,22.1
2007,Human Immunodeficiency Virus Disease (HIV: B20-B24),F,Hispanic,109.0,11720.4,9.3,9.5
2007,Human Immunodeficiency Virus Disease (HIV: B20-B24),F,Not Stated/Unknown,5.0,,,
2007,Human Immunodeficiency Virus Disease (HIV: B20-B24),M,Black Non-Hispanic,377.0,8529.4,44.2,44.2
2007,Human Immunodeficiency Virus Disease (HIV: B20-B24),M,Hispanic,218.0,10900.0,20.0,23.1
2007,Human Immunodeficiency Virus Disease (HIV: B20-B24),M,Not Stated/Unknown,6.0,,,
2007,Human Immunodeficiency Virus Disease (HIV: B20-B24),M,Other Race/ Ethnicity,,,,
2007,Influenza (Flu) and Pneumonia (J09-J18),F,Asian and Pacific Islander,58.0,5132.7,11.3,15.8
2007,Influenza (Flu) and Pneumonia (J09-J18),F,Black Non-Hispanic,295.0,10535.7,28.0,26.9
2007,Influenza (Flu) and Pneumonia (J09-J18),F,Hispanic,190.0,11656.4,16.3,22.3
2007,Influenza (Flu) and Pneumonia (J09-J18),F,Not Stated/Unknown,,,,
2007,Influenza (Flu) and Pneumonia (J09-J18),F,Other Race/ Ethnicity,,,,
2007,Influenza (Flu) and Pneumonia (J09-J18),F,White Non-Hispanic,659.0,14357.3,45.9,23.2
2007,Influenza (Flu) and Pneumonia (J09-J18),M,Asian and Pacific Islander,66.0,4852.9,13.6,25.7
2007,Influenza (Flu) and Pneumonia (J09-J18),M,Black Non-Hispanic,229.0,8513.0,26.9,40.1
2007,Influenza (Flu) and Pneumonia (J09-J18),M,Hispanic,189.0,10924.9,17.3,36.7
2007,Influenza (Flu) and Pneumonia (J09-J18),M,Not Stated/Unknown,13.0,,,
2007,Influenza (Flu) and Pneumonia (J09-J18),M,Other Race/ Ethnicity,7.0,,,
2007,Influenza (Flu) and Pneumonia (J09-J18),M,White Non-Hispanic,530.0,13383.8,39.6,32.9
2007,Insitu or Benign / Uncertain Neoplasms (D00-D48),F,Not Stated/Unknown,,,,
2007,Insitu or Benign / Uncertain Neoplasms (D00-D48),F,Other Race/ Ethnicity,,,,
2007,"Intentional Self-Harm (Suicide: X60-X84, Y87.0)",F,Asian and Pacific Islander,22.0,5116.3,4.3,3.9
2007,"Intentional Self-Harm (Suicide: X60-X84, Y87.0)",M,Asian and Pacific Islander,36.0,4864.9,7.4,7.7
2007,"Intentional Self-Harm (Suicide: X60-X84, Y87.0)",M,Not Stated/Unknown,5.0,,,
2007,"Intentional Self-Harm (Suicide: X60-X84, Y87.0)",M,White Non-Hispanic,187.0,13357.1,14.0,12.7
2007,Malignant Neoplasms (Cancer: C00-C97),F,Asian and Pacific Islander,395.0,5149.9,76.7,88.4
2007,Malignant Neoplasms (Cancer: C00-C97),F,Black Non-Hispanic,1800.0,10526.3,171.0,161.7
2007,Malignant Neoplasms (Cancer: C00-C97),F,Hispanic,969.0,11674.7,83.0,100.7
2007,Malignant Neoplasms (Cancer: C00-C97),F,Not Stated/Unknown,51.0,,,
2007,Malignant Neoplasms (Cancer: C00-C97),F,Other Race/ Ethnicity,22.0,,,
2007,Malignant Neoplasms (Cancer: C00-C97),F,White Non-Hispanic,3518.0,14347.5,245.2,167.4
2007,Malignant Neoplasms (Cancer: C00-C97),M,Asian and Pacific Islander,528.0,4839.6,109.1,145.9
2007,Malignant Neoplasms (Cancer: C00-C97),M,Black Non-Hispanic,1523.0,8522.7,178.7,229.4
2007,Malignant Neoplasms (Cancer: C00-C97),M,Hispanic,1013.0,10904.2,92.9,163.5
2007,Malignant Neoplasms (Cancer: C00-C97),M,Not Stated/Unknown,45.0,,,
2007,Malignant Neoplasms (Cancer: C00-C97),M,Other Race/ Ethnicity,29.0,,,
2007,Malignant Neoplasms (Cancer: C00-C97),M,White Non-Hispanic,3356.0,13375.8,250.9,213.7
2007,"Mental and Behavioral Disorders due to Accidental Poisoning and Other Psychoactive Substance Use (F11-F16, F18-F19, X40-X42, X44)",F,Black Non-Hispanic,87.0,10481.9,8.3,7.4
2007,"Mental and Behavioral Disorders due to Accidental Poisoning and Other Psychoactive Substance Use (F11-F16, F18-F19, X40-X42, X44)",M,Black Non-Hispanic,163.0,8534.0,19.1,19.0
2007,"Mental and Behavioral Disorders due to Accidental Poisoning and Other Psychoactive Substance Use (F11-F16, F18-F19, X40-X42, X44)",M,Hispanic,183.0,10892.9,16.8,17.9
2007,"Mental and Behavioral Disorders due to Accidental Poisoning and Other Psychoactive Substance Use (F11-F16, F18-F19, X40-X42, X44)",M,Not Stated/Unknown,10.0,,,
2007,"Mental and Behavioral Disorders due to Accidental Poisoning and Other Psychoactive Substance Use (F11-F16, F18-F19, X40-X42, X44)",M,White Non-Hispanic,261.0,13384.6,19.5,17.6
2007,Mental and Behavioral Disorders due to Use of Alcohol (F10),M,Not Stated/Unknown,,,,
2007,"Nephritis, Nephrotic Syndrome and Nephrisis (N00-N07, N17-N19, N25-N27)",F,Asian and Pacific Islander,13.0,5200.0,2.5,3.2
2007,"Nephritis, Nephrotic Syndrome and Nephrisis (N00-N07, N17-N19, N25-N27)",F,White Non-Hispanic,89.0,14354.8,6.2,3.5
2007,Septicemia (A40-A41),F,Black Non-Hispanic,89.0,10470.6,8.5,8.1
2007,Septicemia (A40-A41),F,Hispanic,49.0,11666.7,4.2,5.5
2008,"Accidents Except Drug Posioning (V01-X39, X43, X45-X59, Y85-Y86)",F,Asian and Pacific Islander,36.0,5294.1,6.8,8.5
2008,"Accidents Except Drug Posioning (V01-X39, X43, X45-X59, Y85-Y86)",F,Black Non-Hispanic,70.0,10447.8,6.7,6.4
2008,"Accidents Except Drug Posioning (V01-X39, X43, X45-X59, Y85-Y86)",F,Hispanic,68.0,11724.1,5.8,6.6
2008,"Accidents Except Drug Posioning (V01-X39, X43, X45-X59, Y85-Y86)",F,Other Race/ Ethnicity,,,,
2008,"Accidents Except Drug Posioning (V01-X39, X43, X45-X59, Y85-Y86)",F,White Non-Hispanic,193.0,14403.0,13.4,9.4
2008,"Accidents Except Drug Posioning (V01-X39, X43, X45-X59, Y85-Y86)",M,Asian and Pacific Islander,53.0,5000.0,10.6,12.2
2008,"Accidents Except Drug Posioning (V01-X39, X43, X45-X59, Y85-Y86)",M,Black Non-Hispanic,146.0,8488.4,17.2,18.1
2008,"Accidents Except Drug Posioning (V01-X39, X43, X45-X59, Y85-Y86)",M,Hispanic,186.0,11071.4,16.8,20.6
2008,"Accidents Except Drug Posioning (V01-X39, X43, X45-X59, Y85-Y86)",M,Not Stated/Unknown,13.0,,,
2008,"Accidents Except Drug Posioning (V01-X39, X43, X45-X59, Y85-Y86)",M,Other Race/ Ethnicity,,,,
2008,"Accidents Except Drug Posioning (V01-X39, X43, X45-X59, Y85-Y86)",M,White Non-Hispanic,272.0,13399.0,20.3,18.4
2008,All Other Causes,F,Asian and Pacific Islander,214.0,5323.4,40.2,50.3
2008,All Other Causes,F,Black Non-Hispanic,1268.0,10479.3,121.0,116.1
2008,All Other Causes,F,Hispanic,885.0,11815.8,74.9,90.2
2008,All Other Causes,F,Not Stated/Unknown,42.0,,,
2008,All Other Causes,F,Other Race/ Ethnicity,19.0,,,
2008,All Other Causes,F,White Non-Hispanic,1706.0,14348.2,118.9,78.6
2008,All Other Causes,M,Asian and Pacific Islander,238.0,4979.1,47.8,63.3
2008,All Other Causes,M,Black Non-Hispanic,1216.0,8491.6,143.2,163.5
2008,All Other Causes,M,Hispanic,1069.0,11054.8,96.7,139.5
2008,All Other Causes,M,Not Stated/Unknown,67.0,,,
2008,All Other Causes,M,Other Race/ Ethnicity,8.0,,,
2008,All Other Causes,M,White Non-Hispanic,1824.0,13421.6,135.9,119.9
2008,Alzheimer's Disease (G30),F,White Non-Hispanic,151.0,14381.0,10.5,5.1
2008,Aortic Aneurysm and Dissection (I71),M,Other Race/ Ethnicity,,,,
2008,"Assault (Homicide: Y87.1, X85-Y09)",M,Black Non-Hispanic,286.0,8486.6,33.7,33.8
2008,"Assault (Homicide: Y87.1, X85-Y09)",M,Not Stated/Unknown,8.0,,,
2008,"Assault (Homicide: Y87.1, X85-Y09)",M,Other Race/ Ethnicity,5.0,,,
2008,Cerebrovascular Disease (Stroke: I60-I69),F,Asian and Pacific Islander,65.0,5327.9,12.2,15.4
2008,Cerebrovascular Disease (Stroke: I60-I69),F,Black Non-Hispanic,267.0,10470.6,25.5,23.6
2008,Cerebrovascular Disease (Stroke: I60-I69),F,Hispanic,152.0,11782.9,12.9,16.4
2008,Cerebrovascular Disease (Stroke: I60-I69),F,Not Stated/Unknown,13.0,,,
2008,Cerebrovascular Disease (Stroke: I60-I69),F,Other Race/ Ethnicity,,,,
2008,Cerebrovascular Disease (Stroke: I60-I69),F,White Non-Hispanic,379.0,14356.1,26.4,14.9
2008,Cerebrovascular Disease (Stroke: I60-I69),M,Asian and Pacific Islander,48.0,5000.0,9.6,14.1
2008,Cerebrovascular Disease (Stroke: I60-I69),M,Black Non-Hispanic,206.0,8477.4,24.3,31.0
2008,Cerebrovascular Disease (Stroke: I60-I69),M,Hispanic,124.0,11071.4,11.2,18.8
2008,Cerebrovascular Disease (Stroke: I60-I69),M,Other Race/ Ethnicity,5.0,,,
2008,Cerebrovascular Disease (Stroke: I60-I69),M,White Non-Hispanic,245.0,13388.0,18.3,15.4
2008,Certain Conditions originating in the Perinatal Period (P00-P96),F,Not Stated/Unknown,6.0,,,
2008,Certain Conditions originating in the Perinatal Period (P00-P96),F,Other Race/ Ethnicity,,,,
2008,Certain Conditions originating in the Perinatal Period (P00-P96),M,Not Stated/Unknown,6.0,,,
2008,Certain Conditions originating in the Perinatal Period (P00-P96),M,Other Race/ Ethnicity,,,,
2008,"Chronic Liver Disease and Cirrhosis (K70, K73)",F,Hispanic,63.0,11886.8,5.3,6.2
2008,"Chronic Liver Disease and Cirrhosis (K70, K73)",F,Not Stated/Unknown,,,,
2008,"Chronic Liver Disease and Cirrhosis (K70, K73)",F,Other Race/ Ethnicity,,,,
2008,"Chronic Liver Disease and Cirrhosis (K70, K73)",M,Hispanic,149.0,11037.0,13.5,16.8
2008,Chronic Lower Respiratory Diseases (J40-J47),F,Asian and Pacific Islander,30.0,5357.1,5.6,7.9
2008,Chronic Lower Respiratory Diseases (J40-J47),F,Black Non-Hispanic,191.0,10494.5,18.2,17.1
2008,Chronic Lower Respiratory Diseases (J40-J47),F,Hispanic,156.0,11818.2,13.2,16.8
2008,Chronic Lower Respiratory Diseases (J40-J47),F,Not Stated/Unknown,,,,
2008,Chronic Lower Respiratory Diseases (J40-J47),F,Other Race/ Ethnicity,,,,
2008,Chronic Lower Respiratory Diseases (J40-J47),F,White Non-Hispanic,518.0,14349.0,36.1,21.4
2008,Chronic Lower Respiratory Diseases (J40-J47),M,Asian and Pacific Islander,46.0,5000.0,9.2,16.1
2008,Chronic Lower Respiratory Diseases (J40-J47),M,Black Non-Hispanic,169.0,8492.5,19.9,26.4
2008,Chronic Lower Respiratory Diseases (J40-J47),M,Hispanic,132.0,11092.4,11.9,22.8
2008,Chronic Lower Respiratory Diseases (J40-J47),M,Not Stated/Unknown,10.0,,,
2008,Chronic Lower Respiratory Diseases (J40-J47),M,White Non-Hispanic,347.0,13397.7,25.9,21.8
2008,"Congenital Malformations, Deformations, and Chromosomal Abnormalities (Q00-Q99)",M,Asian and Pacific Islander,14.0,5000.0,2.8,3.0
2008,Diabetes Mellitus (E10-E14),F,Asian and Pacific Islander,47.0,5340.9,8.8,11.3
2008,Diabetes Mellitus (E10-E14),F,Black Non-Hispanic,380.0,10468.3,36.3,34.3
2008,Diabetes Mellitus (E10-E14),F,Hispanic,228.0,11813.5,19.3,24.1
2008,Diabetes Mellitus (E10-E14),F,Not Stated/Unknown,12.0,,,
2008,Diabetes Mellitus (E10-E14),F,Other Race/ Ethnicity,,,,
2008,Diabetes Mellitus (E10-E14),F,White Non-Hispanic,210.0,14383.6,14.6,8.8
2008,Diabetes Mellitus (E10-E14),M,Asian and Pacific Islander,52.0,5000.0,10.4,14.9
2008,Diabetes Mellitus (E10-E14),M,Black Non-Hispanic,265.0,8493.6,31.2,40.2
2008,Diabetes Mellitus (E10-E14),M,Hispanic,191.0,11040.5,17.3,31.3
2008,Diabetes Mellitus (E10-E14),M,Other Race/ Ethnicity,,,,
2008,Diabetes Mellitus (E10-E14),M,White Non-Hispanic,246.0,13442.6,18.3,15.6
2008,"Diseases of Heart (I00-I09, I11, I13, I20-I51)",F,Asian and Pacific Islander,456.0,5327.1,85.6,117.7
2008,"Diseases of Heart (I00-I09, I11, I13, I20-I51)",F,Black Non-Hispanic,2725.0,10476.7,260.1,243.6
2008,"Diseases of Heart (I00-I09, I11, I13, I20-I51)",F,Hispanic,1445.0,11815.2,122.3,160.7
2008,"Diseases of Heart (I00-I09, I11, I13, I20-I51)",F,Not Stated/Unknown,108.0,,,
2008,"Diseases of Heart (I00-I09, I11, I13, I20-I51)",F,Other Race/ Ethnicity,35.0,,,
2008,"Diseases of Heart (I00-I09, I11, I13, I20-I51)",F,White Non-Hispanic,6836.0,14355.3,476.2,245.5
2008,"Diseases of Heart (I00-I09, I11, I13, I20-I51)",M,Asian and Pacific Islander,546.0,4981.8,109.6,166.3
2008,"Diseases of Heart (I00-I09, I11, I13, I20-I51)",M,Black Non-Hispanic,2077.0,8491.4,244.6,330.2
2008,"Diseases of Heart (I00-I09, I11, I13, I20-I51)",M,Hispanic,1330.0,11055.7,120.3,228.0
2008,"Diseases of Heart (I00-I09, I11, I13, I20-I51)",M,Not Stated/Unknown,92.0,,,
2008,"Diseases of Heart (I00-I09, I11, I13, I20-I51)",M,Other Race/ Ethnicity,39.0,,,
2008,"Diseases of Heart (I00-I09, I11, I13, I20-I51)",M,White Non-Hispanic,5503.0,13422.0,410.0,342.3
2008,"Essential Hypertension and Renal Diseases (I10, I12)",F,Asian and Pacific Islander,32.0,5333.3,6.0,8.0
2008,"Essential Hypertension and Renal Diseases (I10, I12)",F,Black Non-Hispanic,192.0,10491.8,18.3,17.1
2008,"Essential Hypertension and Renal Diseases (I10, I12)",F,Hispanic,104.0,11818.2,8.8,11.4
2008,"Essential Hypertension and Renal Diseases (I10, I12)",F,Not Stated/Unknown,,,,
2008,"Essential Hypertension and Renal Diseases (I10, I12)",F,Other Race/ Ethnicity,,,,
2008,"Essential Hypertension and Renal Diseases (I10, I12)",F,White Non-Hispanic,151.0,14381.0,10.5,5.9
2008,"Essential Hypertension and Renal Diseases (I10, I12)",M,Asian and Pacific Islander,31.0,5000.0,6.2,9.8
2008,"Essential Hypertension and Renal Diseases (I10, I12)",M,Black Non-Hispanic,134.0,8481.0,15.8,20.9
2008,"Essential Hypertension and Renal Diseases (I10, I12)",M,Other Race/ Ethnicity,,,,
2008,"Essential Hypertension and Renal Diseases (I10, I12)",M,White Non-Hispanic,165.0,13414.6,12.3,10.3
2008,Human Immunodeficiency Virus Disease (HIV: B20-B24),F,Black Non-Hispanic,227.0,10460.8,21.7,20.0
2008,Human Immunodeficiency Virus Disease (HIV: B20-B24),F,Hispanic,113.0,11770.8,9.6,9.6
2008,Human Immunodeficiency Virus Disease (HIV: B20-B24),M,Black Non-Hispanic,356.0,8496.4,41.9,41.8
2008,Human Immunodeficiency Virus Disease (HIV: B20-B24),M,Hispanic,222.0,11044.8,20.1,22.7
2008,Human Immunodeficiency Virus Disease (HIV: B20-B24),M,Not Stated/Unknown,9.0,,,
2008,Human Immunodeficiency Virus Disease (HIV: B20-B24),M,Other Race/ Ethnicity,,,,
2008,Influenza (Flu) and Pneumonia (J09-J18),F,Asian and Pacific Islander,73.0,5328.5,13.7,19.1
2008,Influenza (Flu) and Pneumonia (J09-J18),F,Black Non-Hispanic,318.0,10460.5,30.4,28.6
2008,Influenza (Flu) and Pneumonia (J09-J18),F,Hispanic,227.0,11822.9,19.2,25.5
2008,Influenza (Flu) and Pneumonia (J09-J18),F,Not Stated/Unknown,14.0,,,
2008,Influenza (Flu) and Pneumonia (J09-J18),F,Other Race/ Ethnicity,,,,
2008,Influenza (Flu) and Pneumonia (J09-J18),F,White Non-Hispanic,621.0,14341.8,43.3,22.2
2008,Influenza (Flu) and Pneumonia (J09-J18),M,Asian and Pacific Islander,90.0,4972.4,18.1,30.2
2008,Influenza (Flu) and Pneumonia (J09-J18),M,Black Non-Hispanic,222.0,8505.7,26.1,37.6
2008,Influenza (Flu) and Pneumonia (J09-J18),M,Hispanic,187.0,11065.1,16.9,35.5
2008,Influenza (Flu) and Pneumonia (J09-J18),M,Not Stated/Unknown,11.0,,,
2008,Influenza (Flu) and Pneumonia (J09-J18),M,Other Race/ Ethnicity,5.0,,,
2008,Influenza (Flu) and Pneumonia (J09-J18),M,White Non-Hispanic,529.0,13426.4,39.4,32.7
2008,Insitu or Benign / Uncertain Neoplasms (D00-D48),F,Not Stated/Unknown,5.0,,,
2008,"Intentional Self-Harm (Suicide: X60-X84, Y87.0)",F,Asian and Pacific Islander,26.0,5306.1,4.9,4.5
2008,"Intentional Self-Harm (Suicide: X60-X84, Y87.0)",F,Not Stated/Unknown,,,,
2008,"Intentional Self-Harm (Suicide: X60-X84, Y87.0)",M,Asian and Pacific Islander,30.0,5000.0,6.0,6.3
2008,"Intentional Self-Harm (Suicide: X60-X84, Y87.0)",M,Other Race/ Ethnicity,,,,
2008,"Intentional Self-Harm (Suicide: X60-X84, Y87.0)",M,White Non-Hispanic,195.0,13448.3,14.5,13.1
2008,Malignant Neoplasms (Cancer: C00-C97),F,Asian and Pacific Islander,344.0,5325.1,64.6,73.8
2008,Malignant Neoplasms (Cancer: C00-C97),F,Black Non-Hispanic,1756.0,10477.3,167.6,156.3
2008,Malignant Neoplasms (Cancer: C00-C97),F,Hispanic,1046.0,11819.2,88.5,104.7
2008,Malignant Neoplasms (Cancer: C00-C97),F,Not Stated/Unknown,36.0,,,
2008,Malignant Neoplasms (Cancer: C00-C97),F,Other Race/ Ethnicity,21.0,,,
2008,Malignant Neoplasms (Cancer: C00-C97),F,White Non-Hispanic,3366.0,14353.9,234.5,160.5
2008,Malignant Neoplasms (Cancer: C00-C97),M,Asian and Pacific Islander,473.0,4978.9,95.0,123.5
2008,Malignant Neoplasms (Cancer: C00-C97),M,Black Non-Hispanic,1464.0,8491.9,172.4,220.4
2008,Malignant Neoplasms (Cancer: C00-C97),M,Hispanic,1080.0,11054.2,97.7,165.9
2008,Malignant Neoplasms (Cancer: C00-C97),M,Not Stated/Unknown,60.0,,,
2008,Malignant Neoplasms (Cancer: C00-C97),M,Other Race/ Ethnicity,33.0,,,
2008,Malignant Neoplasms (Cancer: C00-C97),M,White Non-Hispanic,3361.0,13422.5,250.4,214.3
2008,"Mental and Behavioral Disorders due to Accidental Poisoning and Other Psychoactive Substance Use (F11-F16, F18-F19, X40-X42, X44)",F,White Non-Hispanic,86.0,14333.3,6.0,5.5
2008,"Mental and Behavioral Disorders due to Accidental Poisoning and Other Psychoactive Substance Use (F11-F16, F18-F19, X40-X42, X44)",M,Hispanic,172.0,11025.6,15.6,16.3
2008,"Mental and Behavioral Disorders due to Accidental Poisoning and Other Psychoactive Substance Use (F11-F16, F18-F19, X40-X42, X44)",M,Not Stated/Unknown,13.0,,,
2008,"Mental and Behavioral Disorders due to Accidental Poisoning and Other Psychoactive Substance Use (F11-F16, F18-F19, X40-X42, X44)",M,White Non-Hispanic,227.0,13432.0,16.9,15.5
2008,"Nephritis, Nephrotic Syndrome and Nephrisis (N00-N07, N17-N19, N25-N27)",F,Asian and Pacific Islander,13.0,5416.7,2.4,3.3
2008,"Nephritis, Nephrotic Syndrome and Nephrisis (N00-N07, N17-N19, N25-N27)",F,Black Non-Hispanic,71.0,10441.2,6.8,6.3
2008,"Nephritis, Nephrotic Syndrome and Nephrisis (N00-N07, N17-N19, N25-N27)",M,Asian and Pacific Islander,14.0,5000.0,2.8,4.9
2008,Viral Hepatitis (B15-B19),M,Not Stated/Unknown,6.0,,,
2009,"Accidents Except Drug Posioning (V01-X39, X43, X45-X59, Y85-Y86)",F,Asian and Pacific Islander,37.0,5522.4,6.7,8.0
2009,"Accidents Except Drug Posioning (V01-X39, X43, X45-X59, Y85-Y86)",F,Hispanic,56.0,11914.9,4.7,5.3
2009,"Accidents Except Drug Posioning (V01-X39, X43, X45-X59, Y85-Y86)",F,White Non-Hispanic,178.0,14354.8,12.4,8.3
2009,"Accidents Except Drug Posioning (V01-X39, X43, X45-X59, Y85-Y86)",M,Asian and Pacific Islander,55.0,5092.6,10.8,12.3
2009,"Accidents Except Drug Posioning (V01-X39, X43, X45-X59, Y85-Y86)",M,Black Non-Hispanic,134.0,8481.0,15.8,16.8
2009,"Accidents Except Drug Posioning (V01-X39, X43, X45-X59, Y85-Y86)",M,Hispanic,170.0,11258.3,15.1,17.9
2009,"Accidents Except Drug Posioning (V01-X39, X43, X45-X59, Y85-Y86)",M,Not Stated/Unknown,16.0,,,
2009,"Accidents Except Drug Posioning (V01-X39, X43, X45-X59, Y85-Y86)",M,Other Race/ Ethnicity,,,,
2009,"Accidents Except Drug Posioning (V01-X39, X43, X45-X59, Y85-Y86)",M,White Non-Hispanic,279.0,13478.3,20.7,18.7
2009,All Other Causes,F,Asian and Pacific Islander,220.0,5486.3,40.1,48.9
2009,All Other Causes,F,Black Non-Hispanic,1305.0,10473.5,124.6,117.3
2009,All Other Causes,F,Hispanic,775.0,11978.4,64.7,75.3
2009,All Other Causes,F,Not Stated/Unknown,26.0,,,
2009,All Other Causes,F,Other Race/ Ethnicity,11.0,,,
2009,All Other Causes,F,White Non-Hispanic,1684.0,14368.6,117.2,77.2
2009,All Other Causes,M,Asian and Pacific Islander,220.0,5104.4,43.1,56.1
2009,All Other Causes,M,Black Non-Hispanic,1246.0,8493.5,146.7,167.7
2009,All Other Causes,M,Hispanic,1067.0,11231.6,95.0,138.1
2009,All Other Causes,M,Not Stated/Unknown,55.0,,,
2009,All Other Causes,M,Other Race/ Ethnicity,18.0,,,
2009,All Other Causes,M,White Non-Hispanic,1818.0,13456.7,135.1,118.5
2009,Alzheimer's Disease (G30),F,Asian and Pacific Islander,14.0,5600.0,2.5,3.6
2009,Alzheimer's Disease (G30),F,Black Non-Hispanic,79.0,10533.3,7.5,6.8
2009,Alzheimer's Disease (G30),F,Hispanic,56.0,11914.9,4.7,6.2
2009,Alzheimer's Disease (G30),F,Not Stated/Unknown,,,,
2009,Alzheimer's Disease (G30),F,Other Race/ Ethnicity,,,,
2009,Alzheimer's Disease (G30),F,White Non-Hispanic,205.0,14335.7,14.3,6.5
2009,"Assault (Homicide: Y87.1, X85-Y09)",M,Black Non-Hispanic,255.0,8500.0,30.0,30.0
2009,"Assault (Homicide: Y87.1, X85-Y09)",M,Not Stated/Unknown,7.0,,,
2009,Atherosclerosis (I70),F,Other Race/ Ethnicity,,,,
2009,Cerebrovascular Disease (Stroke: I60-I69),F,Asian and Pacific Islander,61.0,5495.5,11.1,14.1
2009,Cerebrovascular Disease (Stroke: I60-I69),F,Black Non-Hispanic,245.0,10470.1,23.4,21.3
2009,Cerebrovascular Disease (Stroke: I60-I69),F,Hispanic,154.0,11938.0,12.9,16.0
2009,Cerebrovascular Disease (Stroke: I60-I69),F,Not Stated/Unknown,5.0,,,
2009,Cerebrovascular Disease (Stroke: I60-I69),F,Other Race/ Ethnicity,,,,
2009,Cerebrovascular Disease (Stroke: I60-I69),F,White Non-Hispanic,390.0,14391.1,27.1,15.2
2009,Cerebrovascular Disease (Stroke: I60-I69),M,Asian and Pacific Islander,58.0,5087.7,11.4,15.5
2009,Cerebrovascular Disease (Stroke: I60-I69),M,Black Non-Hispanic,154.0,8508.3,18.1,22.8
2009,Cerebrovascular Disease (Stroke: I60-I69),M,Hispanic,143.0,11259.8,12.7,21.1
2009,Cerebrovascular Disease (Stroke: I60-I69),M,Other Race/ Ethnicity,,,,
2009,Cerebrovascular Disease (Stroke: I60-I69),M,White Non-Hispanic,227.0,13432.0,16.9,14.2
2009,Certain Conditions originating in the Perinatal Period (P00-P96),F,Not Stated/Unknown,,,,
2009,Certain Conditions originating in the Perinatal Period (P00-P96),F,Other Race/ Ethnicity,,,,
2009,Certain Conditions originating in the Perinatal Period (P00-P96),M,Not Stated/Unknown,8.0,,,
2009,Certain Conditions originating in the Perinatal Period (P00-P96),M,Other Race/ Ethnicity,,,,
2009,"Chronic Liver Disease and Cirrhosis (K70, K73)",F,Not Stated/Unknown,,,,
2009,"Chronic Liver Disease and Cirrhosis (K70, K73)",M,Asian and Pacific Islander,17.0,5151.5,3.3,3.5
2009,"Chronic Liver Disease and Cirrhosis (K70, K73)",M,Hispanic,119.0,11226.4,10.6,14.1
2009,"Chronic Liver Disease and Cirrhosis (K70, K73)",M,Not Stated/Unknown,10.0,,,
2009,Chronic Lower Respiratory Diseases (J40-J47),F,Asian and Pacific Islander,30.0,5454.5,5.5,7.4
2009,Chronic Lower Respiratory Diseases (J40-J47),F,Black Non-Hispanic,188.0,10444.4,18.0,16.4
2009,Chronic Lower Respiratory Diseases (J40-J47),F,Hispanic,155.0,12015.5,12.9,16.0
2009,Chronic Lower Respiratory Diseases (J40-J47),F,Not Stated/Unknown,7.0,,,
2009,Chronic Lower Respiratory Diseases (J40-J47),F,Other Race/ Ethnicity,,,,
2009,Chronic Lower Respiratory Diseases (J40-J47),F,White Non-Hispanic,458.0,14357.4,31.9,19.1
2009,Chronic Lower Respiratory Diseases (J40-J47),M,Asian and Pacific Islander,51.0,5100.0,10.0,16.9
2009,Chronic Lower Respiratory Diseases (J40-J47),M,Black Non-Hispanic,147.0,8497.1,17.3,22.6
2009,Chronic Lower Respiratory Diseases (J40-J47),M,Hispanic,111.0,11212.1,9.9,18.3
2009,Chronic Lower Respiratory Diseases (J40-J47),M,Not Stated/Unknown,6.0,,,
2009,Chronic Lower Respiratory Diseases (J40-J47),M,White Non-Hispanic,371.0,13442.0,27.6,23.3
2009,"Congenital Malformations, Deformations, and Chromosomal Abnormalities (Q00-Q99)",F,Other Race/ Ethnicity,,,,
2009,Diabetes Mellitus (E10-E14),F,Asian and Pacific Islander,55.0,5500.0,10.0,12.7
2009,Diabetes Mellitus (E10-E14),F,Black Non-Hispanic,384.0,10463.2,36.7,33.7
2009,Diabetes Mellitus (E10-E14),F,Hispanic,215.0,11944.4,18.0,22.2
2009,Diabetes Mellitus (E10-E14),F,Other Race/ Ethnicity,,,,
2009,Diabetes Mellitus (E10-E14),F,White Non-Hispanic,229.0,14402.5,15.9,9.5
2009,Diabetes Mellitus (E10-E14),M,Asian and Pacific Islander,48.0,5106.4,9.4,13.3
2009,Diabetes Mellitus (E10-E14),M,Black Non-Hispanic,285.0,8482.1,33.6,41.4
2009,Diabetes Mellitus (E10-E14),M,Hispanic,172.0,11241.8,15.3,25.4
2009,Diabetes Mellitus (E10-E14),M,Other Race/ Ethnicity,,,,
2009,Diabetes Mellitus (E10-E14),M,White Non-Hispanic,290.0,13425.9,21.6,18.2
2009,"Diseases of Heart (I00-I09, I11, I13, I20-I51)",F,Asian and Pacific Islander,448.0,5490.2,81.6,108.7
2009,"Diseases of Heart (I00-I09, I11, I13, I20-I51)",F,Black Non-Hispanic,2535.0,10470.9,242.1,220.9
2009,"Diseases of Heart (I00-I09, I11, I13, I20-I51)",F,Hispanic,1349.0,11969.8,112.7,143.8
2009,"Diseases of Heart (I00-I09, I11, I13, I20-I51)",F,Not Stated/Unknown,111.0,,,
2009,"Diseases of Heart (I00-I09, I11, I13, I20-I51)",F,Other Race/ Ethnicity,40.0,,,
2009,"Diseases of Heart (I00-I09, I11, I13, I20-I51)",F,White Non-Hispanic,6297.0,14366.9,438.3,226.2
2009,"Diseases of Heart (I00-I09, I11, I13, I20-I51)",M,Asian and Pacific Islander,554.0,5106.0,108.5,158.8
2009,"Diseases of Heart (I00-I09, I11, I13, I20-I51)",M,Black Non-Hispanic,2068.0,8492.8,243.5,318.9
2009,"Diseases of Heart (I00-I09, I11, I13, I20-I51)",M,Hispanic,1382.0,11226.6,123.1,227.9
2009,"Diseases of Heart (I00-I09, I11, I13, I20-I51)",M,Not Stated/Unknown,94.0,,,
2009,"Diseases of Heart (I00-I09, I11, I13, I20-I51)",M,Other Race/ Ethnicity,38.0,,,
2009,"Diseases of Heart (I00-I09, I11, I13, I20-I51)",M,White Non-Hispanic,5168.0,13451.3,384.2,319.8
2009,"Essential Hypertension and Renal Diseases (I10, I12)",F,Asian and Pacific Islander,18.0,5454.5,3.3,4.6
2009,"Essential Hypertension and Renal Diseases (I10, I12)",F,Black Non-Hispanic,227.0,10460.8,21.7,19.6
2009,"Essential Hypertension and Renal Diseases (I10, I12)",F,Hispanic,84.0,12000.0,7.0,8.8
2009,"Essential Hypertension and Renal Diseases (I10, I12)",F,Other Race/ Ethnicity,,,,
2009,"Essential Hypertension and Renal Diseases (I10, I12)",F,White Non-Hispanic,215.0,14333.3,15.0,7.8
2009,"Essential Hypertension and Renal Diseases (I10, I12)",M,Asian and Pacific Islander,26.0,5098.0,5.1,7.2
2009,"Essential Hypertension and Renal Diseases (I10, I12)",M,Black Non-Hispanic,131.0,8506.5,15.4,19.0
2009,"Essential Hypertension and Renal Diseases (I10, I12)",M,Other Race/ Ethnicity,,,,
2009,"Essential Hypertension and Renal Diseases (I10, I12)",M,White Non-Hispanic,148.0,13454.5,11.0,9.1
2009,Human Immunodeficiency Virus Disease (HIV: B20-B24),F,Black Non-Hispanic,208.0,10452.3,19.9,17.9
2009,Human Immunodeficiency Virus Disease (HIV: B20-B24),F,Hispanic,96.0,12000.0,8.0,8.1
2009,Human Immunodeficiency Virus Disease (HIV: B20-B24),F,Not Stated/Unknown,,,,
2009,Human Immunodeficiency Virus Disease (HIV: B20-B24),M,Black Non-Hispanic,329.0,8501.3,38.7,38.5
2009,Human Immunodeficiency Virus Disease (HIV: B20-B24),M,Hispanic,196.0,11200.0,17.5,20.0
2009,Human Immunodeficiency Virus Disease (HIV: B20-B24),M,Not Stated/Unknown,8.0,,,
2009,Influenza (Flu) and Pneumonia (J09-J18),F,Asian and Pacific Islander,83.0,5496.7,15.1,20.3
2009,Influenza (Flu) and Pneumonia (J09-J18),F,Black Non-Hispanic,281.0,10485.1,26.8,24.5
2009,Influenza (Flu) and Pneumonia (J09-J18),F,Hispanic,216.0,12000.0,18.0,22.8
2009,Influenza (Flu) and Pneumonia (J09-J18),F,Not Stated/Unknown,17.0,,,
2009,Influenza (Flu) and Pneumonia (J09-J18),F,Other Race/ Ethnicity,5.0,,,
2009,Influenza (Flu) and Pneumonia (J09-J18),F,White Non-Hispanic,629.0,14360.7,43.8,23.1
2009,Influenza (Flu) and Pneumonia (J09-J18),M,Asian and Pacific Islander,84.0,5090.9,16.5,26.1
2009,Influenza (Flu) and Pneumonia (J09-J18),M,Black Non-Hispanic,207.0,8483.6,24.4,33.3
2009,Influenza (Flu) and Pneumonia (J09-J18),M,Hispanic,183.0,11227.0,16.3,30.9
2009,Influenza (Flu) and Pneumonia (J09-J18),M,Not Stated/Unknown,14.0,,,
2009,Influenza (Flu) and Pneumonia (J09-J18),M,Other Race/ Ethnicity,,,,
2009,Influenza (Flu) and Pneumonia (J09-J18),M,White Non-Hispanic,555.0,13438.3,41.3,34.3
2009,"Intentional Self-Harm (Suicide: X60-X84, Y87.0)",F,Asian and Pacific Islander,17.0,5483.9,3.1,3.1
2009,"Intentional Self-Harm (Suicide: X60-X84, Y87.0)",M,Asian and Pacific Islander,35.0,5072.5,6.9,6.7
2009,"Intentional Self-Harm (Suicide: X60-X84, Y87.0)",M,White Non-Hispanic,191.0,13450.7,14.2,13.0
2009,Malignant Neoplasms (Cancer: C00-C97),F,Asian and Pacific Islander,398.0,5489.7,72.5,83.5
2009,Malignant Neoplasms (Cancer: C00-C97),F,Black Non-Hispanic,1735.0,10470.7,165.7,151.1
2009,Malignant Neoplasms (Cancer: C00-C97),F,Hispanic,1097.0,11976.0,91.6,107.2
2009,Malignant Neoplasms (Cancer: C00-C97),F,Not Stated/Unknown,41.0,,,
2009,Malignant Neoplasms (Cancer: C00-C97),F,Other Race/ Ethnicity,19.0,,,
2009,Malignant Neoplasms (Cancer: C00-C97),F,White Non-Hispanic,3346.0,14366.7,232.9,159.0
2009,Malignant Neoplasms (Cancer: C00-C97),M,Asian and Pacific Islander,506.0,5106.0,99.1,127.0
2009,Malignant Neoplasms (Cancer: C00-C97),M,Black Non-Hispanic,1557.0,8489.6,183.4,228.8
2009,Malignant Neoplasms (Cancer: C00-C97),M,Hispanic,1180.0,11227.4,105.1,172.2
2009,Malignant Neoplasms (Cancer: C00-C97),M,Not Stated/Unknown,47.0,,,
2009,Malignant Neoplasms (Cancer: C00-C97),M,Other Race/ Ethnicity,12.0,,,
2009,Malignant Neoplasms (Cancer: C00-C97),M,White Non-Hispanic,3236.0,13455.3,240.5,205.6
2009,"Mental and Behavioral Disorders due to Accidental Poisoning and Other Psychoactive Substance Use (F11-F16, F18-F19, X40-X42, X44)",F,Hispanic,57.0,11875.0,4.8,4.7
2009,"Mental and Behavioral Disorders due to Accidental Poisoning and Other Psychoactive Substance Use (F11-F16, F18-F19, X40-X42, X44)",F,White Non-Hispanic,75.0,14423.1,5.2,5.1
2009,"Mental and Behavioral Disorders due to Accidental Poisoning and Other Psychoactive Substance Use (F11-F16, F18-F19, X40-X42, X44)",M,Hispanic,145.0,11240.3,12.9,13.5
2009,"Mental and Behavioral Disorders due to Accidental Poisoning and Other Psychoactive Substance Use (F11-F16, F18-F19, X40-X42, X44)",M,Not Stated/Unknown,7.0,,,
2009,"Mental and Behavioral Disorders due to Accidental Poisoning and Other Psychoactive Substance Use (F11-F16, F18-F19, X40-X42, X44)",M,Other Race/ Ethnicity,,,,
2009,"Mental and Behavioral Disorders due to Accidental Poisoning and Other Psychoactive Substance Use (F11-F16, F18-F19, X40-X42, X44)",M,White Non-Hispanic,221.0,13475.6,16.4,14.8
2009,"Nephritis, Nephrotic Syndrome and Nephrisis (N00-N07, N17-N19, N25-N27)",F,Black Non-Hispanic,75.0,10416.7,7.2,6.7
2009,"Nephritis, Nephrotic Syndrome and Nephrisis (N00-N07, N17-N19, N25-N27)",F,Other Race/ Ethnicity,,,,
2009,"Nephritis, Nephrotic Syndrome and Nephrisis (N00-N07, N17-N19, N25-N27)",M,Other Race/ Ethnicity,,,,
2009,Septicemia (A40-A41),F,Not Stated/Unknown,,,,
2010,"Accidents Except Drug Posioning (V01-X39, X43, X45-X59, Y85-Y86)",F,Asian and Pacific Islander,25.0,5681.8,4.4,5.1
2010,"Accidents Except Drug Posioning (V01-X39, X43, X45-X59, Y85-Y86)",F,Hispanic,58.0,12083.3,4.8,5.2
2010,"Accidents Except Drug Posioning (V01-X39, X43, X45-X59, Y85-Y86)",F,Not Stated/Unknown,,,,
2010,"Accidents Except Drug Posioning (V01-X39, X43, X45-X59, Y85-Y86)",F,Other Race/ Ethnicity,,,,
2010,"Accidents Except Drug Posioning (V01-X39, X43, X45-X59, Y85-Y86)",F,White Non-Hispanic,163.0,14298.2,11.4,7.8
2010,"Accidents Except Drug Posioning (V01-X39, X43, X45-X59, Y85-Y86)",M,Asian and Pacific Islander,54.0,5192.3,10.4,13.7
2010,"Accidents Except Drug Posioning (V01-X39, X43, X45-X59, Y85-Y86)",M,Black Non-Hispanic,147.0,8497.1,17.3,18.3
2010,"Accidents Except Drug Posioning (V01-X39, X43, X45-X59, Y85-Y86)",M,Hispanic,132.0,11379.3,11.6,13.9
2010,"Accidents Except Drug Posioning (V01-X39, X43, X45-X59, Y85-Y86)",M,Not Stated/Unknown,10.0,,,
2010,"Accidents Except Drug Posioning (V01-X39, X43, X45-X59, Y85-Y86)",M,Other Race/ Ethnicity,5.0,,,
2010,"Accidents Except Drug Posioning (V01-X39, X43, X45-X59, Y85-Y86)",M,White Non-Hispanic,271.0,13415.8,20.2,18.4
2010,All Other Causes,F,Asian and Pacific Islander,238.0,5626.5,42.3,51.6
2010,All Other Causes,F,Black Non-Hispanic,1326.0,10482.2,126.5,117.4
2010,All Other Causes,F,Hispanic,1007.0,12176.5,82.7,94.6
2010,All Other Causes,F,Not Stated/Unknown,18.0,,,
2010,All Other Causes,F,Other Race/ Ethnicity,27.0,,,
2010,All Other Causes,F,White Non-Hispanic,2140.0,14295.3,149.7,93.9
2010,All Other Causes,M,Asian and Pacific Islander,308.0,5202.7,59.2,77.2
2010,All Other Causes,M,Black Non-Hispanic,1230.0,8512.1,144.5,166.2
2010,All Other Causes,M,Hispanic,1167.0,11430.0,102.1,150.0
2010,All Other Causes,M,Not Stated/Unknown,32.0,,,
2010,All Other Causes,M,Other Race/ Ethnicity,25.0,,,
2010,All Other Causes,M,White Non-Hispanic,2034.0,13416.9,151.6,130.9
2010,Alzheimer's Disease (G30),F,Black Non-Hispanic,88.0,10476.2,8.4,7.3
2010,Alzheimer's Disease (G30),F,Hispanic,71.0,12241.4,5.8,7.5
2010,Alzheimer's Disease (G30),F,White Non-Hispanic,247.0,14277.5,17.3,7.5
2010,"Assault (Homicide: Y87.1, X85-Y09)",M,Black Non-Hispanic,299.0,8518.5,35.1,35.5
2010,"Assault (Homicide: Y87.1, X85-Y09)",M,Other Race/ Ethnicity,,,,
2010,Atherosclerosis (I70),F,Not Stated/Unknown,,,,
2010,Cerebrovascular Disease (Stroke: I60-I69),F,Asian and Pacific Islander,89.0,5632.9,15.8,19.2
2010,Cerebrovascular Disease (Stroke: I60-I69),F,Black Non-Hispanic,259.0,10485.8,24.7,22.2
2010,Cerebrovascular Disease (Stroke: I60-I69),F,Hispanic,168.0,12173.9,13.8,16.7
2010,Cerebrovascular Disease (Stroke: I60-I69),F,Not Stated/Unknown,,,,
2010,Cerebrovascular Disease (Stroke: I60-I69),F,Other Race/ Ethnicity,,,,
2010,Cerebrovascular Disease (Stroke: I60-I69),F,White Non-Hispanic,382.0,14307.1,26.7,14.1
2010,Cerebrovascular Disease (Stroke: I60-I69),M,Asian and Pacific Islander,83.0,5220.1,15.9,21.3
2010,Cerebrovascular Disease (Stroke: I60-I69),M,Black Non-Hispanic,171.0,8507.5,20.1,23.9
2010,Cerebrovascular Disease (Stroke: I60-I69),M,Hispanic,140.0,11382.1,12.3,21.4
2010,Cerebrovascular Disease (Stroke: I60-I69),M,Not Stated/Unknown,,,,
2010,Cerebrovascular Disease (Stroke: I60-I69),M,Other Race/ Ethnicity,,,,
2010,Cerebrovascular Disease (Stroke: I60-I69),M,White Non-Hispanic,276.0,13398.1,20.6,17.2
2010,Certain Conditions originating in the Perinatal Period (P00-P96),F,Asian and Pacific Islander,18.0,5625.0,3.2,4.0
2010,Certain Conditions originating in the Perinatal Period (P00-P96),F,Not Stated/Unknown,5.0,,,
2010,Certain Conditions originating in the Perinatal Period (P00-P96),M,Not Stated/Unknown,6.0,,,
2010,"Chronic Liver Disease and Cirrhosis (K70, K73)",M,Asian and Pacific Islander,18.0,5142.9,3.5,3.1
2010,"Chronic Liver Disease and Cirrhosis (K70, K73)",M,Hispanic,150.0,11450.4,13.1,17.6
2010,"Chronic Liver Disease and Cirrhosis (K70, K73)",M,Other Race/ Ethnicity,,,,
2010,Chronic Lower Respiratory Diseases (J40-J47),F,Asian and Pacific Islander,28.0,5600.0,5.0,6.7
2010,Chronic Lower Respiratory Diseases (J40-J47),F,Black Non-Hispanic,206.0,10510.2,19.6,17.7
2010,Chronic Lower Respiratory Diseases (J40-J47),F,Hispanic,156.0,12187.5,12.8,15.4
2010,Chronic Lower Respiratory Diseases (J40-J47),F,Not Stated/Unknown,6.0,,,
2010,Chronic Lower Respiratory Diseases (J40-J47),F,White Non-Hispanic,501.0,14314.3,35.0,20.7
2010,Chronic Lower Respiratory Diseases (J40-J47),M,Asian and Pacific Islander,61.0,5213.7,11.7,17.8
2010,Chronic Lower Respiratory Diseases (J40-J47),M,Black Non-Hispanic,202.0,8523.2,23.7,30.9
2010,Chronic Lower Respiratory Diseases (J40-J47),M,Hispanic,149.0,11461.5,13.0,23.9
2010,Chronic Lower Respiratory Diseases (J40-J47),M,Not Stated/Unknown,12.0,,,
2010,Chronic Lower Respiratory Diseases (J40-J47),M,Other Race/ Ethnicity,5.0,,,
2010,Chronic Lower Respiratory Diseases (J40-J47),M,White Non-Hispanic,388.0,13425.6,28.9,24.2
2010,Diabetes Mellitus (E10-E14),F,Asian and Pacific Islander,51.0,5604.4,9.1,11.3
2010,Diabetes Mellitus (E10-E14),F,Black Non-Hispanic,384.0,10491.8,36.6,33.0
2010,Diabetes Mellitus (E10-E14),F,Hispanic,219.0,12166.7,18.0,21.5
2010,Diabetes Mellitus (E10-E14),F,Not Stated/Unknown,5.0,,,
2010,Diabetes Mellitus (E10-E14),F,Other Race/ Ethnicity,7.0,,,
2010,Diabetes Mellitus (E10-E14),F,White Non-Hispanic,258.0,14333.3,18.0,11.1
2010,Diabetes Mellitus (E10-E14),M,Asian and Pacific Islander,64.0,5203.3,12.3,15.5
2010,Diabetes Mellitus (E10-E14),M,Black Non-Hispanic,279.0,8506.1,32.8,41.0
2010,Diabetes Mellitus (E10-E14),M,Hispanic,187.0,11402.4,16.4,27.3
2010,Diabetes Mellitus (E10-E14),M,Not Stated/Unknown,7.0,,,
2010,Diabetes Mellitus (E10-E14),M,Other Race/ Ethnicity,5.0,,,
2010,Diabetes Mellitus (E10-E14),M,White Non-Hispanic,245.0,13388.0,18.3,15.6
2010,"Diseases of Heart (I00-I09, I11, I13, I20-I51)",F,Asian and Pacific Islander,394.0,5620.5,70.1,89.7
2010,"Diseases of Heart (I00-I09, I11, I13, I20-I51)",F,Black Non-Hispanic,2282.0,10482.3,217.7,194.2
2010,"Diseases of Heart (I00-I09, I11, I13, I20-I51)",F,Hispanic,1316.0,12173.9,108.1,133.2
2010,"Diseases of Heart (I00-I09, I11, I13, I20-I51)",F,Not Stated/Unknown,70.0,,,
2010,"Diseases of Heart (I00-I09, I11, I13, I20-I51)",F,Other Race/ Ethnicity,50.0,,,
2010,"Diseases of Heart (I00-I09, I11, I13, I20-I51)",F,White Non-Hispanic,5351.0,14299.8,374.2,189.2
2010,"Diseases of Heart (I00-I09, I11, I13, I20-I51)",M,Asian and Pacific Islander,478.0,5207.0,91.8,130.0
2010,"Diseases of Heart (I00-I09, I11, I13, I20-I51)",M,Black Non-Hispanic,2015.0,8512.9,236.7,307.7
2010,"Diseases of Heart (I00-I09, I11, I13, I20-I51)",M,Hispanic,1354.0,11426.2,118.5,215.5
2010,"Diseases of Heart (I00-I09, I11, I13, I20-I51)",M,Not Stated/Unknown,70.0,,,
2010,"Diseases of Heart (I00-I09, I11, I13, I20-I51)",M,Other Race/ Ethnicity,52.0,,,
2010,"Diseases of Heart (I00-I09, I11, I13, I20-I51)",M,White Non-Hispanic,4495.0,13413.9,335.1,277.0
2010,"Essential Hypertension and Renal Diseases (I10, I12)",F,Asian and Pacific Islander,33.0,5593.2,5.9,7.1
2010,"Essential Hypertension and Renal Diseases (I10, I12)",F,Black Non-Hispanic,252.0,10500.0,24.0,21.4
2010,"Essential Hypertension and Renal Diseases (I10, I12)",F,Hispanic,95.0,12179.5,7.8,9.5
2010,"Essential Hypertension and Renal Diseases (I10, I12)",F,Not Stated/Unknown,5.0,,,
2010,"Essential Hypertension and Renal Diseases (I10, I12)",F,Other Race/ Ethnicity,,,,
2010,"Essential Hypertension and Renal Diseases (I10, I12)",F,White Non-Hispanic,219.0,14313.7,15.3,7.7
2010,"Essential Hypertension and Renal Diseases (I10, I12)",M,Asian and Pacific Islander,30.0,5172.4,5.8,8.7
2010,"Essential Hypertension and Renal Diseases (I10, I12)",M,Black Non-Hispanic,178.0,8516.7,20.9,27.7
2010,"Essential Hypertension and Renal Diseases (I10, I12)",M,White Non-Hispanic,153.0,13421.1,11.4,9.4
2010,Human Immunodeficiency Virus Disease (HIV: B20-B24),F,Black Non-Hispanic,152.0,10482.8,14.5,12.9
2010,Human Immunodeficiency Virus Disease (HIV: B20-B24),F,Hispanic,79.0,12153.8,6.5,6.5
2010,Human Immunodeficiency Virus Disease (HIV: B20-B24),M,Black Non-Hispanic,297.0,8510.0,34.9,34.0
2010,Human Immunodeficiency Virus Disease (HIV: B20-B24),M,Hispanic,189.0,11454.5,16.5,18.4
2010,Human Immunodeficiency Virus Disease (HIV: B20-B24),M,Not Stated/Unknown,8.0,,,
2010,Influenza (Flu) and Pneumonia (J09-J18),F,Asian and Pacific Islander,74.0,5606.1,13.2,16.9
2010,Influenza (Flu) and Pneumonia (J09-J18),F,Black Non-Hispanic,275.0,10496.2,26.2,23.6
2010,Influenza (Flu) and Pneumonia (J09-J18),F,Hispanic,228.0,12192.5,18.7,23.1
2010,Influenza (Flu) and Pneumonia (J09-J18),F,Not Stated/Unknown,,,,
2010,Influenza (Flu) and Pneumonia (J09-J18),F,Other Race/ Ethnicity,,,,
2010,Influenza (Flu) and Pneumonia (J09-J18),F,White Non-Hispanic,707.0,14311.7,49.4,24.8
2010,Influenza (Flu) and Pneumonia (J09-J18),M,Asian and Pacific Islander,108.0,5217.4,20.7,31.7
2010,Influenza (Flu) and Pneumonia (J09-J18),M,Black Non-Hispanic,201.0,8516.9,23.6,31.8
2010,Influenza (Flu) and Pneumonia (J09-J18),M,Hispanic,235.0,11407.8,20.6,38.9
2010,Influenza (Flu) and Pneumonia (J09-J18),M,Not Stated/Unknown,,,,
2010,Influenza (Flu) and Pneumonia (J09-J18),M,Other Race/ Ethnicity,6.0,,,
2010,Influenza (Flu) and Pneumonia (J09-J18),M,White Non-Hispanic,614.0,13406.1,45.8,37.6
2010,Insitu or Benign / Uncertain Neoplasms (D00-D48),F,Not Stated/Unknown,,,,
2010,Insitu or Benign / Uncertain Neoplasms (D00-D48),F,Other Race/ Ethnicity,,,,
2010,"Intentional Self-Harm (Suicide: X60-X84, Y87.0)",F,Asian and Pacific Islander,17.0,5666.7,3.0,2.9
2010,"Intentional Self-Harm (Suicide: X60-X84, Y87.0)",F,Other Race/ Ethnicity,5.0,,,
2010,"Intentional Self-Harm (Suicide: X60-X84, Y87.0)",M,Asian and Pacific Islander,46.0,5227.3,8.8,8.7
2010,"Intentional Self-Harm (Suicide: X60-X84, Y87.0)",M,Not Stated/Unknown,,,,
2010,"Intentional Self-Harm (Suicide: X60-X84, Y87.0)",M,Other Race/ Ethnicity,,,,
2010,"Intentional Self-Harm (Suicide: X60-X84, Y87.0)",M,White Non-Hispanic,182.0,13382.4,13.6,12.3
2010,Malignant Neoplasms (Cancer: C00-C97),F,Asian and Pacific Islander,414.0,5625.0,73.6,79.9
2010,Malignant Neoplasms (Cancer: C00-C97),F,Black Non-Hispanic,1768.0,10486.4,168.6,151.8
2010,Malignant Neoplasms (Cancer: C00-C97),F,Hispanic,1045.0,12165.3,85.9,98.5
2010,Malignant Neoplasms (Cancer: C00-C97),F,Not Stated/Unknown,29.0,,,
2010,Malignant Neoplasms (Cancer: C00-C97),F,Other Race/ Ethnicity,34.0,,,
2010,Malignant Neoplasms (Cancer: C00-C97),F,White Non-Hispanic,3438.0,14301.2,240.4,163.0
2010,Malignant Neoplasms (Cancer: C00-C97),M,Asian and Pacific Islander,526.0,5207.9,101.0,124.5
2010,Malignant Neoplasms (Cancer: C00-C97),M,Black Non-Hispanic,1540.0,8513.0,180.9,224.1
2010,Malignant Neoplasms (Cancer: C00-C97),M,Hispanic,1057.0,11427.0,92.5,150.0
2010,Malignant Neoplasms (Cancer: C00-C97),M,Not Stated/Unknown,46.0,,,
2010,Malignant Neoplasms (Cancer: C00-C97),M,Other Race/ Ethnicity,25.0,,,
2010,Malignant Neoplasms (Cancer: C00-C97),M,White Non-Hispanic,3408.0,13412.0,254.1,216.6
2010,"Mental and Behavioral Disorders due to Accidental Poisoning and Other Psychoactive Substance Use (F11-F16, F18-F19, X40-X42, X44)",F,Other Race/ Ethnicity,,,,
2010,"Mental and Behavioral Disorders due to Accidental Poisoning and Other Psychoactive Substance Use (F11-F16, F18-F19, X40-X42, X44)",M,Hispanic,138.0,11405.0,12.1,12.9
2010,"Mental and Behavioral Disorders due to Accidental Poisoning and Other Psychoactive Substance Use (F11-F16, F18-F19, X40-X42, X44)",M,Not Stated/Unknown,6.0,,,
2010,"Mental and Behavioral Disorders due to Accidental Poisoning and Other Psychoactive Substance Use (F11-F16, F18-F19, X40-X42, X44)",M,White Non-Hispanic,211.0,13439.5,15.7,14.5
2010,Mental and Behavioral Disorders due to Use of Alcohol (F10),M,Other Race/ Ethnicity,,,,
2010,"Nephritis, Nephrotic Syndrome and Nephrisis (N00-N07, N17-N19, N25-N27)",F,Black Non-Hispanic,86.0,10487.8,8.2,7.4
2010,Septicemia (A40-A41),F,Not Stated/Unknown,,,,
2010,Septicemia (A40-A41),F,White Non-Hispanic,107.0,14266.7,7.5,4.3
2010,Viral Hepatitis (B15-B19),F,Not Stated/Unknown,,,,
2010,Viral Hepatitis (B15-B19),M,Not Stated/Unknown,,,,
2011,"Accidents Except Drug Posioning (V01-X39, X43, X45-X59, Y85-Y86)",F,Asian and Pacific Islander,43.0,5733.3,7.5,8.5
2011,"Accidents Except Drug Posioning (V01-X39, X43, X45-X59, Y85-Y86)",F,Other Race/ Ethnicity,,,,
2011,"Accidents Except Drug Posioning (V01-X39, X43, X45-X59, Y85-Y86)",F,White Non-Hispanic,184.0,14153.8,13.0,8.2
2011,"Accidents Except Drug Posioning (V01-X39, X43, X45-X59, Y85-Y86)",M,Asian and Pacific Islander,61.0,5304.3,11.5,14.8
2011,"Accidents Except Drug Posioning (V01-X39, X43, X45-X59, Y85-Y86)",M,Hispanic,180.0,11538.5,15.6,18.9
2011,"Accidents Except Drug Posioning (V01-X39, X43, X45-X59, Y85-Y86)",M,Not Stated/Unknown,,,,
2011,"Accidents Except Drug Posioning (V01-X39, X43, X45-X59, Y85-Y86)",M,Other Race/ Ethnicity,10.0,,,
2011,"Accidents Except Drug Posioning (V01-X39, X43, X45-X59, Y85-Y86)",M,White Non-Hispanic,272.0,13333.3,20.4,18.1
2011,All Other Causes,F,Asian and Pacific Islander,278.0,5708.4,48.7,57.4
2011,All Other Causes,F,Black Non-Hispanic,1473.0,10469.1,140.7,128.8
2011,All Other Causes,F,Hispanic,1025.0,12246.1,83.7,94.8
2011,All Other Causes,F,Not Stated/Unknown,14.0,,,
2011,All Other Causes,F,Other Race/ Ethnicity,38.0,,,
2011,All Other Causes,F,White Non-Hispanic,2445.0,14165.7,172.6,105.4
2011,All Other Causes,M,Asian and Pacific Islander,340.0,5287.7,64.3,85.1
2011,All Other Causes,M,Black Non-Hispanic,1337.0,8532.2,156.7,181.7
2011,All Other Causes,M,Hispanic,1207.0,11528.2,104.7,151.1
2011,All Other Causes,M,Not Stated/Unknown,38.0,,,
2011,All Other Causes,M,Other Race/ Ethnicity,27.0,,,
2011,All Other Causes,M,White Non-Hispanic,2165.0,13339.5,162.3,139.5
2011,Alzheimer's Disease (G30),F,Asian and Pacific Islander,24.0,5714.3,4.2,5.4
2011,Alzheimer's Disease (G30),F,Black Non-Hispanic,90.0,10465.1,8.6,7.4
2011,Alzheimer's Disease (G30),F,Hispanic,90.0,12328.8,7.3,9.1
2011,Alzheimer's Disease (G30),F,Not Stated/Unknown,,,,
2011,Alzheimer's Disease (G30),F,Other Race/ Ethnicity,,,,
2011,Alzheimer's Disease (G30),F,White Non-Hispanic,231.0,14171.8,16.3,7.2
2011,"Assault (Homicide: Y87.1, X85-Y09)",F,Not Stated/Unknown,,,,
2011,"Assault (Homicide: Y87.1, X85-Y09)",M,Black Non-Hispanic,266.0,8525.6,31.2,31.5
2011,"Assault (Homicide: Y87.1, X85-Y09)",M,Other Race/ Ethnicity,,,,
2011,Cerebrovascular Disease (Stroke: I60-I69),F,Asian and Pacific Islander,98.0,5697.7,17.2,20.6
2011,Cerebrovascular Disease (Stroke: I60-I69),F,Black Non-Hispanic,281.0,10485.1,26.8,23.6
2011,Cerebrovascular Disease (Stroke: I60-I69),F,Hispanic,179.0,12260.3,14.6,17.3
2011,Cerebrovascular Disease (Stroke: I60-I69),F,Not Stated/Unknown,,,,
2011,Cerebrovascular Disease (Stroke: I60-I69),F,Other Race/ Ethnicity,5.0,,,
2011,Cerebrovascular Disease (Stroke: I60-I69),F,White Non-Hispanic,466.0,14164.1,32.9,17.6
2011,Cerebrovascular Disease (Stroke: I60-I69),M,Asian and Pacific Islander,79.0,5266.7,15.0,18.5
2011,Cerebrovascular Disease (Stroke: I60-I69),M,Black Non-Hispanic,200.0,8547.0,23.4,28.1
2011,Cerebrovascular Disease (Stroke: I60-I69),M,Hispanic,147.0,11484.4,12.8,20.9
2011,Cerebrovascular Disease (Stroke: I60-I69),M,White Non-Hispanic,290.0,13364.1,21.7,18.2
2011,Certain Conditions originating in the Perinatal Period (P00-P96),F,Not Stated/Unknown,14.0,,,
2011,Certain Conditions originating in the Perinatal Period (P00-P96),M,Asian and Pacific Islander,19.0,5277.8,3.6,4.2
2011,Certain Conditions originating in the Perinatal Period (P00-P96),M,Not Stated/Unknown,10.0,,,
2011,Certain Conditions originating in the Perinatal Period (P00-P96),M,Other Race/ Ethnicity,,,,
2011,"Chronic Liver Disease and Cirrhosis (K70, K73)",M,Hispanic,167.0,11517.2,14.5,18.8
2011,"Chronic Liver Disease and Cirrhosis (K70, K73)",M,Other Race/ Ethnicity,5.0,,,
2011,Chronic Lower Respiratory Diseases (J40-J47),F,Asian and Pacific Islander,30.0,5660.4,5.3,6.6
2011,Chronic Lower Respiratory Diseases (J40-J47),F,Black Non-Hispanic,221.0,10473.9,21.1,18.6
2011,Chronic Lower Respiratory Diseases (J40-J47),F,Hispanic,156.0,12283.5,12.7,15.0
2011,Chronic Lower Respiratory Diseases (J40-J47),F,Not Stated/Unknown,5.0,,,
2011,Chronic Lower Respiratory Diseases (J40-J47),F,Other Race/ Ethnicity,,,,
2011,Chronic Lower Respiratory Diseases (J40-J47),F,White Non-Hispanic,510.0,14166.7,36.0,21.0
2011,Chronic Lower Respiratory Diseases (J40-J47),M,Asian and Pacific Islander,73.0,5289.9,13.8,22.0
2011,Chronic Lower Respiratory Diseases (J40-J47),M,Black Non-Hispanic,200.0,8547.0,23.4,29.1
2011,Chronic Lower Respiratory Diseases (J40-J47),M,Hispanic,123.0,11495.3,10.7,19.2
2011,Chronic Lower Respiratory Diseases (J40-J47),M,Not Stated/Unknown,,,,
2011,Chronic Lower Respiratory Diseases (J40-J47),M,Other Race/ Ethnicity,,,,
2011,Chronic Lower Respiratory Diseases (J40-J47),M,White Non-Hispanic,444.0,13333.3,33.3,27.8
2011,"Congenital Malformations, Deformations, and Chromosomal Abnormalities (Q00-Q99)",M,Not Stated/Unknown,,,,
2011,Diabetes Mellitus (E10-E14),F,Asian and Pacific Islander,51.0,5730.3,8.9,10.7
2011,Diabetes Mellitus (E10-E14),F,Black Non-Hispanic,410.0,10459.2,39.2,34.7
2011,Diabetes Mellitus (E10-E14),F,Hispanic,196.0,12250.0,16.0,18.5
2011,Diabetes Mellitus (E10-E14),F,Not Stated/Unknown,6.0,,,
2011,Diabetes Mellitus (E10-E14),F,Other Race/ Ethnicity,8.0,,,
2011,Diabetes Mellitus (E10-E14),F,White Non-Hispanic,253.0,14134.1,17.9,11.1
2011,Diabetes Mellitus (E10-E14),M,Asian and Pacific Islander,60.0,5263.2,11.4,14.3
2011,Diabetes Mellitus (E10-E14),M,Black Non-Hispanic,307.0,8527.8,36.0,43.9
2011,Diabetes Mellitus (E10-E14),M,Hispanic,200.0,11560.7,17.3,29.2
2011,Diabetes Mellitus (E10-E14),M,Not Stated/Unknown,7.0,,,
2011,Diabetes Mellitus (E10-E14),M,Other Race/ Ethnicity,14.0,,,
2011,Diabetes Mellitus (E10-E14),M,White Non-Hispanic,258.0,13367.9,19.3,16.3
2011,"Diseases of Heart (I00-I09, I11, I13, I20-I51)",F,Asian and Pacific Islander,402.0,5702.1,70.5,86.1
2011,"Diseases of Heart (I00-I09, I11, I13, I20-I51)",F,Black Non-Hispanic,2243.0,10466.6,214.3,186.7
2011,"Diseases of Heart (I00-I09, I11, I13, I20-I51)",F,Hispanic,1348.0,12254.5,110.0,131.8
2011,"Diseases of Heart (I00-I09, I11, I13, I20-I51)",F,Not Stated/Unknown,43.0,,,
2011,"Diseases of Heart (I00-I09, I11, I13, I20-I51)",F,Other Race/ Ethnicity,31.0,,,
2011,"Diseases of Heart (I00-I09, I11, I13, I20-I51)",F,White Non-Hispanic,5016.0,14165.5,354.1,179.8
2011,"Diseases of Heart (I00-I09, I11, I13, I20-I51)",M,Asian and Pacific Islander,452.0,5286.5,85.5,117.8
2011,"Diseases of Heart (I00-I09, I11, I13, I20-I51)",M,Black Non-Hispanic,1840.0,8530.4,215.7,268.3
2011,"Diseases of Heart (I00-I09, I11, I13, I20-I51)",M,Hispanic,1201.0,11525.9,104.2,180.8
2011,"Diseases of Heart (I00-I09, I11, I13, I20-I51)",M,Not Stated/Unknown,62.0,,,
2011,"Diseases of Heart (I00-I09, I11, I13, I20-I51)",M,Other Race/ Ethnicity,42.0,,,
2011,"Diseases of Heart (I00-I09, I11, I13, I20-I51)",M,White Non-Hispanic,4220.0,13337.5,316.4,260.2
2011,"Essential Hypertension and Renal Diseases (I10, I12)",F,Asian and Pacific Islander,46.0,5679.0,8.1,10.2
2011,"Essential Hypertension and Renal Diseases (I10, I12)",F,Black Non-Hispanic,225.0,10465.1,21.5,18.7
2011,"Essential Hypertension and Renal Diseases (I10, I12)",F,Hispanic,83.0,12205.9,6.8,8.1
2011,"Essential Hypertension and Renal Diseases (I10, I12)",F,Not Stated/Unknown,,,,
2011,"Essential Hypertension and Renal Diseases (I10, I12)",F,Other Race/ Ethnicity,,,,
2011,"Essential Hypertension and Renal Diseases (I10, I12)",F,White Non-Hispanic,199.0,14214.3,14.0,6.8
2011,"Essential Hypertension and Renal Diseases (I10, I12)",M,Asian and Pacific Islander,37.0,5285.7,7.0,10.5
2011,"Essential Hypertension and Renal Diseases (I10, I12)",M,Black Non-Hispanic,154.0,8508.3,18.1,21.7
2011,"Essential Hypertension and Renal Diseases (I10, I12)",M,Not Stated/Unknown,,,,
2011,"Essential Hypertension and Renal Diseases (I10, I12)",M,White Non-Hispanic,142.0,13396.2,10.6,8.8
2011,Human Immunodeficiency Virus Disease (HIV: B20-B24),F,Black Non-Hispanic,144.0,10434.8,13.8,12.4
2011,Human Immunodeficiency Virus Disease (HIV: B20-B24),F,Hispanic,70.0,12280.7,5.7,5.7
2011,Human Immunodeficiency Virus Disease (HIV: B20-B24),F,Not Stated/Unknown,,,,
2011,Human Immunodeficiency Virus Disease (HIV: B20-B24),M,Black Non-Hispanic,277.0,8523.1,32.5,31.8
2011,Human Immunodeficiency Virus Disease (HIV: B20-B24),M,Hispanic,162.0,11489.4,14.1,16.2
2011,Human Immunodeficiency Virus Disease (HIV: B20-B24),M,Not Stated/Unknown,10.0,,,
2011,Influenza (Flu) and Pneumonia (J09-J18),F,Asian and Pacific Islander,83.0,5724.1,14.5,17.8
2011,Influenza (Flu) and Pneumonia (J09-J18),F,Black Non-Hispanic,273.0,10459.8,26.1,22.8
2011,Influenza (Flu) and Pneumonia (J09-J18),F,Hispanic,218.0,12247.2,17.8,21.5
2011,Influenza (Flu) and Pneumonia (J09-J18),F,Not Stated/Unknown,8.0,,,
2011,Influenza (Flu) and Pneumonia (J09-J18),F,Other Race/ Ethnicity,6.0,,,
2011,Influenza (Flu) and Pneumonia (J09-J18),F,White Non-Hispanic,696.0,14175.2,49.1,25.4
2011,Influenza (Flu) and Pneumonia (J09-J18),M,Asian and Pacific Islander,94.0,5280.9,17.8,28.7
2011,Influenza (Flu) and Pneumonia (J09-J18),M,Black Non-Hispanic,243.0,8526.3,28.5,38.0
2011,Influenza (Flu) and Pneumonia (J09-J18),M,Hispanic,209.0,11547.0,18.1,34.4
2011,Influenza (Flu) and Pneumonia (J09-J18),M,Not Stated/Unknown,8.0,,,
2011,Influenza (Flu) and Pneumonia (J09-J18),M,Other Race/ Ethnicity,7.0,,,
2011,Influenza (Flu) and Pneumonia (J09-J18),M,White Non-Hispanic,646.0,13347.1,48.4,39.3
2011,"Intentional Self-Harm (Suicide: X60-X84, Y87.0)",F,Asian and Pacific Islander,21.0,5675.7,3.7,3.7
2011,"Intentional Self-Harm (Suicide: X60-X84, Y87.0)",F,Other Race/ Ethnicity,,,,
2011,"Intentional Self-Harm (Suicide: X60-X84, Y87.0)",M,Asian and Pacific Islander,49.0,5268.8,9.3,9.4
2011,"Intentional Self-Harm (Suicide: X60-X84, Y87.0)",M,Not Stated/Unknown,,,,
2011,"Intentional Self-Harm (Suicide: X60-X84, Y87.0)",M,Other Race/ Ethnicity,5.0,,,
2011,"Intentional Self-Harm (Suicide: X60-X84, Y87.0)",M,White Non-Hispanic,177.0,13308.3,13.3,12.0
2011,Malignant Neoplasms (Cancer: C00-C97),F,Asian and Pacific Islander,451.0,5701.6,79.1,86.1
2011,Malignant Neoplasms (Cancer: C00-C97),F,Black Non-Hispanic,1918.0,10469.4,183.2,163.3
2011,Malignant Neoplasms (Cancer: C00-C97),F,Hispanic,1085.0,12246.0,88.6,99.6
2011,Malignant Neoplasms (Cancer: C00-C97),F,Not Stated/Unknown,11.0,,,
2011,Malignant Neoplasms (Cancer: C00-C97),F,Other Race/ Ethnicity,33.0,,,
2011,Malignant Neoplasms (Cancer: C00-C97),F,White Non-Hispanic,3371.0,14163.9,238.0,161.1
2011,Malignant Neoplasms (Cancer: C00-C97),M,Asian and Pacific Islander,550.0,5283.4,104.1,130.4
2011,Malignant Neoplasms (Cancer: C00-C97),M,Black Non-Hispanic,1590.0,8530.0,186.4,224.4
2011,Malignant Neoplasms (Cancer: C00-C97),M,Hispanic,1144.0,11532.3,99.2,157.7
2011,Malignant Neoplasms (Cancer: C00-C97),M,Not Stated/Unknown,27.0,,,
2011,Malignant Neoplasms (Cancer: C00-C97),M,Other Race/ Ethnicity,36.0,,,
2011,Malignant Neoplasms (Cancer: C00-C97),M,White Non-Hispanic,3222.0,13336.1,241.6,206.1
2011,"Mental and Behavioral Disorders due to Accidental Poisoning and Other Psychoactive Substance Use (F11-F16, F18-F19, X40-X42, X44)",F,Hispanic,56.0,12173.9,4.6,4.5
2011,"Mental and Behavioral Disorders due to Accidental Poisoning and Other Psychoactive Substance Use (F11-F16, F18-F19, X40-X42, X44)",F,Not Stated/Unknown,,,,
2011,"Mental and Behavioral Disorders due to Accidental Poisoning and Other Psychoactive Substance Use (F11-F16, F18-F19, X40-X42, X44)",F,White Non-Hispanic,88.0,14193.5,6.2,6.1
2011,"Mental and Behavioral Disorders due to Accidental Poisoning and Other Psychoactive Substance Use (F11-F16, F18-F19, X40-X42, X44)",M,Black Non-Hispanic,135.0,8544.3,15.8,14.8
2011,"Mental and Behavioral Disorders due to Accidental Poisoning and Other Psychoactive Substance Use (F11-F16, F18-F19, X40-X42, X44)",M,Hispanic,145.0,11507.9,12.6,13.0
2011,"Mental and Behavioral Disorders due to Accidental Poisoning and Other Psychoactive Substance Use (F11-F16, F18-F19, X40-X42, X44)",M,Not Stated/Unknown,5.0,,,
2011,"Mental and Behavioral Disorders due to Accidental Poisoning and Other Psychoactive Substance Use (F11-F16, F18-F19, X40-X42, X44)",M,White Non-Hispanic,254.0,13368.4,19.0,17.3
2011,"Nephritis, Nephrotic Syndrome and Nephrisis (N00-N07, N17-N19, N25-N27)",F,Black Non-Hispanic,83.0,10506.3,7.9,6.9
2011,"Nephritis, Nephrotic Syndrome and Nephrisis (N00-N07, N17-N19, N25-N27)",F,Not Stated/Unknown,,,,
2011,Parkinson's Disease (G20),F,Not Stated/Unknown,,,,
2011,Septicemia (A40-A41),F,Not Stated/Unknown,,,,
2011,Tuberculosis (A16-A19),F,Not Stated/Unknown,,,,
2011,Viral Hepatitis (B15-B19),M,Not Stated/Unknown,,,,
2012,"Accidents Except Drug Posioning (V01-X39, X43, X45-X59, Y85-Y86)",F,Asian and Pacific Islander,34.0,5862.1,5.8,6.4
2012,"Accidents Except Drug Posioning (V01-X39, X43, X45-X59, Y85-Y86)",F,Hispanic,60.0,12500.0,4.8,5.2
2012,"Accidents Except Drug Posioning (V01-X39, X43, X45-X59, Y85-Y86)",F,Not Stated/Unknown,,,,
2012,"Accidents Except Drug Posioning (V01-X39, X43, X45-X59, Y85-Y86)",F,White Non-Hispanic,177.0,14160.0,12.5,8.5
2012,"Accidents Except Drug Posioning (V01-X39, X43, X45-X59, Y85-Y86)",M,Asian and Pacific Islander,56.0,5384.6,10.4,12.0
2012,"Accidents Except Drug Posioning (V01-X39, X43, X45-X59, Y85-Y86)",M,Black Non-Hispanic,152.0,8539.3,17.8,18.6
2012,"Accidents Except Drug Posioning (V01-X39, X43, X45-X59, Y85-Y86)",M,Hispanic,191.0,11717.8,16.3,19.7
2012,"Accidents Except Drug Posioning (V01-X39, X43, X45-X59, Y85-Y86)",M,Not Stated/Unknown,11.0,,,
2012,"Accidents Except Drug Posioning (V01-X39, X43, X45-X59, Y85-Y86)",M,Other Race/ Ethnicity,5.0,,,
2012,"Accidents Except Drug Posioning (V01-X39, X43, X45-X59, Y85-Y86)",M,White Non-Hispanic,286.0,13364.5,21.4,18.8
2012,All Other Causes,F,Asian and Pacific Islander,327.0,5839.3,56.0,65.0
2012,All Other Causes,F,Black Non-Hispanic,1483.0,10451.0,141.9,127.3
2012,All Other Causes,F,Hispanic,1109.0,12391.1,89.5,98.8
2012,All Other Causes,F,Not Stated/Unknown,53.0,,,
2012,All Other Causes,F,Other Race/ Ethnicity,22.0,,,
2012,All Other Causes,F,White Non-Hispanic,2444.0,14184.6,172.3,105.1
2012,All Other Causes,M,Asian and Pacific Islander,333.0,5405.8,61.6,79.7
2012,All Other Causes,M,Black Non-Hispanic,1320.0,8554.8,154.3,175.0
2012,All Other Causes,M,Hispanic,1199.0,11686.2,102.6,150.5
2012,All Other Causes,M,Not Stated/Unknown,78.0,,,
2012,All Other Causes,M,Other Race/ Ethnicity,24.0,,,
2012,All Other Causes,M,White Non-Hispanic,2316.0,13395.0,172.9,145.7
2012,Alzheimer's Disease (G30),F,Black Non-Hispanic,115.0,10454.5,11.0,8.9
2012,Alzheimer's Disease (G30),F,Hispanic,126.0,12352.9,10.2,12.2
2012,Alzheimer's Disease (G30),F,Other Race/ Ethnicity,,,,
2012,Alzheimer's Disease (G30),F,White Non-Hispanic,222.0,14140.1,15.7,7.2
2012,Aortic Aneurysm and Dissection (I71),F,Other Race/ Ethnicity,,,,
2012,"Assault (Homicide: Y87.1, X85-Y09)",F,Other Race/ Ethnicity,,,,
2012,"Assault (Homicide: Y87.1, X85-Y09)",M,Black Non-Hispanic,235.0,8545.5,27.5,27.6
2012,"Assault (Homicide: Y87.1, X85-Y09)",M,Other Race/ Ethnicity,,,,
2012,Cerebrovascular Disease (Stroke: I60-I69),F,Asian and Pacific Islander,102.0,5828.6,17.5,20.7
2012,Cerebrovascular Disease (Stroke: I60-I69),F,Black Non-Hispanic,271.0,10463.3,25.9,22.1
2012,Cerebrovascular Disease (Stroke: I60-I69),F,Hispanic,169.0,12426.5,13.6,15.7
2012,Cerebrovascular Disease (Stroke: I60-I69),F,Not Stated/Unknown,9.0,,,
2012,Cerebrovascular Disease (Stroke: I60-I69),F,Other Race/ Ethnicity,8.0,,,
2012,Cerebrovascular Disease (Stroke: I60-I69),F,White Non-Hispanic,416.0,14198.0,29.3,15.4
2012,Cerebrovascular Disease (Stroke: I60-I69),M,Asian and Pacific Islander,70.0,5384.6,13.0,17.5
2012,Cerebrovascular Disease (Stroke: I60-I69),M,Black Non-Hispanic,170.0,8542.7,19.9,23.3
2012,Cerebrovascular Disease (Stroke: I60-I69),M,Hispanic,129.0,11727.3,11.0,17.2
2012,Cerebrovascular Disease (Stroke: I60-I69),M,Not Stated/Unknown,10.0,,,
2012,Cerebrovascular Disease (Stroke: I60-I69),M,Other Race/ Ethnicity,7.0,,,
2012,Cerebrovascular Disease (Stroke: I60-I69),M,White Non-Hispanic,285.0,13380.3,21.3,17.6
2012,Certain Conditions originating in the Perinatal Period (P00-P96),F,Not Stated/Unknown,11.0,,,
2012,Certain Conditions originating in the Perinatal Period (P00-P96),M,Not Stated/Unknown,17.0,,,
2012,Certain Conditions originating in the Perinatal Period (P00-P96),M,Other Race/ Ethnicity,,,,
2012,"Chronic Liver Disease and Cirrhosis (K70, K73)",F,Hispanic,54.0,12272.7,4.4,4.6
2012,"Chronic Liver Disease and Cirrhosis (K70, K73)",M,Asian and Pacific Islander,20.0,5405.4,3.7,4.1
2012,"Chronic Liver Disease and Cirrhosis (K70, K73)",M,Hispanic,143.0,11721.3,12.2,15.0
2012,Chronic Lower Respiratory Diseases (J40-J47),F,Asian and Pacific Islander,39.0,5820.9,6.7,8.0
2012,Chronic Lower Respiratory Diseases (J40-J47),F,Black Non-Hispanic,204.0,10461.5,19.5,16.9
2012,Chronic Lower Respiratory Diseases (J40-J47),F,Hispanic,158.0,12343.8,12.8,14.6
2012,Chronic Lower Respiratory Diseases (J40-J47),F,Not Stated/Unknown,8.0,,,
2012,Chronic Lower Respiratory Diseases (J40-J47),F,White Non-Hispanic,507.0,14201.7,35.7,21.4
2012,Chronic Lower Respiratory Diseases (J40-J47),M,Asian and Pacific Islander,55.0,5392.2,10.2,15.1
2012,Chronic Lower Respiratory Diseases (J40-J47),M,Black Non-Hispanic,184.0,8558.1,21.5,27.3
2012,Chronic Lower Respiratory Diseases (J40-J47),M,Hispanic,132.0,11681.4,11.3,19.2
2012,Chronic Lower Respiratory Diseases (J40-J47),M,Not Stated/Unknown,11.0,,,
2012,Chronic Lower Respiratory Diseases (J40-J47),M,White Non-Hispanic,352.0,13384.0,26.3,21.8
2012,"Congenital Malformations, Deformations, and Chromosomal Abnormalities (Q00-Q99)",F,Not Stated/Unknown,8.0,,,
2012,"Congenital Malformations, Deformations, and Chromosomal Abnormalities (Q00-Q99)",F,Other Race/ Ethnicity,,,,
2012,Diabetes Mellitus (E10-E14),F,Asian and Pacific Islander,57.0,5816.3,9.8,11.4
2012,Diabetes Mellitus (E10-E14),F,Black Non-Hispanic,409.0,10460.4,39.1,33.8
2012,Diabetes Mellitus (E10-E14),F,Hispanic,200.0,12422.4,16.1,18.4
2012,Diabetes Mellitus (E10-E14),F,Not Stated/Unknown,15.0,,,
2012,Diabetes Mellitus (E10-E14),F,Other Race/ Ethnicity,9.0,,,
2012,Diabetes Mellitus (E10-E14),F,White Non-Hispanic,240.0,14201.2,16.9,10.3
2012,Diabetes Mellitus (E10-E14),M,Asian and Pacific Islander,76.0,5390.1,14.1,18.0
2012,Diabetes Mellitus (E10-E14),M,Black Non-Hispanic,308.0,8555.6,36.0,42.9
2012,Diabetes Mellitus (E10-E14),M,Hispanic,194.0,11686.7,16.6,26.1
2012,Diabetes Mellitus (E10-E14),M,Other Race/ Ethnicity,8.0,,,
2012,Diabetes Mellitus (E10-E14),M,White Non-Hispanic,292.0,13394.5,21.8,18.1
2012,"Diseases of Heart (I00-I09, I11, I13, I20-I51)",F,Asian and Pacific Islander,402.0,5843.0,68.8,81.2
2012,"Diseases of Heart (I00-I09, I11, I13, I20-I51)",F,Black Non-Hispanic,2269.0,10451.4,217.1,183.9
2012,"Diseases of Heart (I00-I09, I11, I13, I20-I51)",F,Hispanic,1263.0,12382.4,102.0,118.4
2012,"Diseases of Heart (I00-I09, I11, I13, I20-I51)",F,Not Stated/Unknown,76.0,,,
2012,"Diseases of Heart (I00-I09, I11, I13, I20-I51)",F,Other Race/ Ethnicity,48.0,,,
2012,"Diseases of Heart (I00-I09, I11, I13, I20-I51)",F,White Non-Hispanic,4719.0,14183.9,332.7,167.7
2012,"Diseases of Heart (I00-I09, I11, I13, I20-I51)",M,Asian and Pacific Islander,469.0,5403.2,86.8,116.9
2012,"Diseases of Heart (I00-I09, I11, I13, I20-I51)",M,Black Non-Hispanic,1940.0,8553.8,226.8,280.7
2012,"Diseases of Heart (I00-I09, I11, I13, I20-I51)",M,Hispanic,1251.0,11680.7,107.1,182.5
2012,"Diseases of Heart (I00-I09, I11, I13, I20-I51)",M,Not Stated/Unknown,99.0,,,
2012,"Diseases of Heart (I00-I09, I11, I13, I20-I51)",M,Other Race/ Ethnicity,39.0,,,
2012,"Diseases of Heart (I00-I09, I11, I13, I20-I51)",M,White Non-Hispanic,4156.0,13393.5,310.3,252.4
2012,"Essential Hypertension and Renal Diseases (I10, I12)",F,Asian and Pacific Islander,39.0,5820.9,6.7,7.8
2012,"Essential Hypertension and Renal Diseases (I10, I12)",F,Black Non-Hispanic,214.0,10439.0,20.5,17.4
2012,"Essential Hypertension and Renal Diseases (I10, I12)",F,Hispanic,101.0,12317.1,8.2,9.5
2012,"Essential Hypertension and Renal Diseases (I10, I12)",F,Not Stated/Unknown,5.0,,,
2012,"Essential Hypertension and Renal Diseases (I10, I12)",F,Other Race/ Ethnicity,,,,
2012,"Essential Hypertension and Renal Diseases (I10, I12)",F,White Non-Hispanic,199.0,14214.3,14.0,7.2
2012,"Essential Hypertension and Renal Diseases (I10, I12)",M,Asian and Pacific Islander,39.0,5416.7,7.2,10.8
2012,"Essential Hypertension and Renal Diseases (I10, I12)",M,Black Non-Hispanic,143.0,8562.9,16.7,21.3
2012,"Essential Hypertension and Renal Diseases (I10, I12)",M,White Non-Hispanic,153.0,13421.1,11.4,9.3
2012,Human Immunodeficiency Virus Disease (HIV: B20-B24),F,Black Non-Hispanic,136.0,10461.5,13.0,11.6
2012,Human Immunodeficiency Virus Disease (HIV: B20-B24),M,Black Non-Hispanic,223.0,8544.1,26.1,25.8
2012,Human Immunodeficiency Virus Disease (HIV: B20-B24),M,Hispanic,103.0,11704.5,8.8,10.1
2012,Human Immunodeficiency Virus Disease (HIV: B20-B24),M,Not Stated/Unknown,9.0,,,
2012,Influenza (Flu) and Pneumonia (J09-J18),F,Asian and Pacific Islander,74.0,5826.8,12.7,15.1
2012,Influenza (Flu) and Pneumonia (J09-J18),F,Black Non-Hispanic,295.0,10461.0,28.2,24.1
2012,Influenza (Flu) and Pneumonia (J09-J18),F,Hispanic,209.0,12366.9,16.9,19.6
2012,Influenza (Flu) and Pneumonia (J09-J18),F,Not Stated/Unknown,6.0,,,
2012,Influenza (Flu) and Pneumonia (J09-J18),F,Other Race/ Ethnicity,6.0,,,
2012,Influenza (Flu) and Pneumonia (J09-J18),F,White Non-Hispanic,576.0,14187.2,40.6,20.2
2012,Influenza (Flu) and Pneumonia (J09-J18),M,Asian and Pacific Islander,76.0,5390.1,14.1,20.9
2012,Influenza (Flu) and Pneumonia (J09-J18),M,Black Non-Hispanic,242.0,8551.2,28.3,37.4
2012,Influenza (Flu) and Pneumonia (J09-J18),M,Hispanic,205.0,11714.3,17.5,31.5
2012,Influenza (Flu) and Pneumonia (J09-J18),M,Not Stated/Unknown,11.0,,,
2012,Influenza (Flu) and Pneumonia (J09-J18),M,Other Race/ Ethnicity,,,,
2012,Influenza (Flu) and Pneumonia (J09-J18),M,White Non-Hispanic,540.0,13399.5,40.3,32.3
2012,"Intentional Self-Harm (Suicide: X60-X84, Y87.0)",F,Asian and Pacific Islander,33.0,5892.9,5.6,5.8
2012,"Intentional Self-Harm (Suicide: X60-X84, Y87.0)",M,Asian and Pacific Islander,40.0,5405.4,7.4,7.3
2012,"Intentional Self-Harm (Suicide: X60-X84, Y87.0)",M,Not Stated/Unknown,8.0,,,
2012,"Intentional Self-Harm (Suicide: X60-X84, Y87.0)",M,Other Race/ Ethnicity,,,,
2012,"Intentional Self-Harm (Suicide: X60-X84, Y87.0)",M,White Non-Hispanic,199.0,13355.7,14.9,13.6
2012,Malignant Neoplasms (Cancer: C00-C97),F,Asian and Pacific Islander,461.0,5842.8,78.9,83.8
2012,Malignant Neoplasms (Cancer: C00-C97),F,Black Non-Hispanic,1912.0,10453.8,182.9,159.1
2012,Malignant Neoplasms (Cancer: C00-C97),F,Hispanic,1125.0,12389.9,90.8,100.5
2012,Malignant Neoplasms (Cancer: C00-C97),F,Not Stated/Unknown,36.0,,,
2012,Malignant Neoplasms (Cancer: C00-C97),F,Other Race/ Ethnicity,29.0,,,
2012,Malignant Neoplasms (Cancer: C00-C97),F,White Non-Hispanic,3256.0,14181.2,229.6,157.3
2012,Malignant Neoplasms (Cancer: C00-C97),M,Asian and Pacific Islander,622.0,5404.0,115.1,138.4
2012,Malignant Neoplasms (Cancer: C00-C97),M,Black Non-Hispanic,1563.0,8555.0,182.7,215.3
2012,Malignant Neoplasms (Cancer: C00-C97),M,Hispanic,1126.0,11680.5,96.4,151.0
2012,Malignant Neoplasms (Cancer: C00-C97),M,Not Stated/Unknown,53.0,,,
2012,Malignant Neoplasms (Cancer: C00-C97),M,Other Race/ Ethnicity,34.0,,,
2012,Malignant Neoplasms (Cancer: C00-C97),M,White Non-Hispanic,3184.0,13395.0,237.7,200.7
2012,"Mental and Behavioral Disorders due to Accidental Poisoning and Other Psychoactive Substance Use (F11-F16, F18-F19, X40-X42, X44)",F,Other Race/ Ethnicity,,,,
2012,"Mental and Behavioral Disorders due to Accidental Poisoning and Other Psychoactive Substance Use (F11-F16, F18-F19, X40-X42, X44)",M,Hispanic,173.0,11689.2,14.8,15.5
2012,"Mental and Behavioral Disorders due to Accidental Poisoning and Other Psychoactive Substance Use (F11-F16, F18-F19, X40-X42, X44)",M,Not Stated/Unknown,7.0,,,
2012,"Mental and Behavioral Disorders due to Accidental Poisoning and Other Psychoactive Substance Use (F11-F16, F18-F19, X40-X42, X44)",M,White Non-Hispanic,272.0,13399.0,20.3,18.7
2012,"Nephritis, Nephrotic Syndrome and Nephrisis (N00-N07, N17-N19, N25-N27)",F,Asian and Pacific Islander,22.0,5789.5,3.8,4.3
2012,"Nephritis, Nephrotic Syndrome and Nephrisis (N00-N07, N17-N19, N25-N27)",F,Black Non-Hispanic,76.0,10411.0,7.3,6.3
2012,Septicemia (A40-A41),F,Other Race/ Ethnicity,,,,
2012,Septicemia (A40-A41),F,White Non-Hispanic,113.0,14125.0,8.0,4.2
2012,Septicemia (A40-A41),M,Other Race/ Ethnicity,6.0,,,
2013,"Accidents Except Drug Posioning (V01-X39, X43, X45-X59, Y85-Y86)",F,Asian and Pacific Islander,35.0,6034.5,5.8,6.3
2013,"Accidents Except Drug Posioning (V01-X39, X43, X45-X59, Y85-Y86)",F,Hispanic,60.0,12500.0,4.8,5.1
2013,"Accidents Except Drug Posioning (V01-X39, X43, X45-X59, Y85-Y86)",F,Other Race/ Ethnicity,,,,
2013,"Accidents Except Drug Posioning (V01-X39, X43, X45-X59, Y85-Y86)",F,White Non-Hispanic,166.0,14188.0,11.7,8.1
2013,"Accidents Except Drug Posioning (V01-X39, X43, X45-X59, Y85-Y86)",M,Asian and Pacific Islander,63.0,5526.3,11.4,12.8
2013,"Accidents Except Drug Posioning (V01-X39, X43, X45-X59, Y85-Y86)",M,Black Non-Hispanic,159.0,8594.6,18.5,19.1
2013,"Accidents Except Drug Posioning (V01-X39, X43, X45-X59, Y85-Y86)",M,Hispanic,189.0,11812.5,16.0,19.0
2013,"Accidents Except Drug Posioning (V01-X39, X43, X45-X59, Y85-Y86)",M,Other Race/ Ethnicity,5.0,,,
2013,"Accidents Except Drug Posioning (V01-X39, X43, X45-X59, Y85-Y86)",M,White Non-Hispanic,271.0,13482.6,20.1,17.9
2013,All Other Causes,F,Asian and Pacific Islander,320.0,6003.8,53.3,59.0
2013,All Other Causes,F,Black Non-Hispanic,1557.0,10442.7,149.1,129.5
2013,All Other Causes,F,Hispanic,1082.0,12479.8,86.7,94.0
2013,All Other Causes,F,Not Stated/Unknown,79.0,,,
2013,All Other Causes,F,Other Race/ Ethnicity,39.0,,,
2013,All Other Causes,F,White Non-Hispanic,2595.0,14219.2,182.5,111.1
2013,All Other Causes,M,Asian and Pacific Islander,395.0,5540.0,71.3,89.8
2013,All Other Causes,M,Black Non-Hispanic,1341.0,8579.7,156.3,175.7
2013,All Other Causes,M,Hispanic,1193.0,11811.9,101.0,146.4
2013,All Other Causes,M,Not Stated/Unknown,139.0,,,
2013,All Other Causes,M,Other Race/ Ethnicity,42.0,,,
2013,All Other Causes,M,White Non-Hispanic,2293.0,13464.5,170.3,143.3
2013,Alzheimer's Disease (G30),F,Black Non-Hispanic,106.0,10495.0,10.1,8.0
2013,Alzheimer's Disease (G30),F,Hispanic,120.0,12500.0,9.6,11.0
2013,Alzheimer's Disease (G30),F,Not Stated/Unknown,8.0,,,
2013,Alzheimer's Disease (G30),F,White Non-Hispanic,263.0,14216.2,18.5,8.4
2013,Alzheimer's Disease (G30),M,Other Race/ Ethnicity,,,,
2013,"Assault (Homicide: Y87.1, X85-Y09)",M,Black Non-Hispanic,174.0,8571.4,20.3,20.6
2013,Cerebrovascular Disease (Stroke: I60-I69),F,Asian and Pacific Islander,80.0,6015.0,13.3,14.4
2013,Cerebrovascular Disease (Stroke: I60-I69),F,Black Non-Hispanic,271.0,10463.3,25.9,21.7
2013,Cerebrovascular Disease (Stroke: I60-I69),F,Hispanic,222.0,12471.9,17.8,19.8
2013,Cerebrovascular Disease (Stroke: I60-I69),F,Not Stated/Unknown,14.0,,,
2013,Cerebrovascular Disease (Stroke: I60-I69),F,Other Race/ Ethnicity,7.0,,,
2013,Cerebrovascular Disease (Stroke: I60-I69),F,White Non-Hispanic,427.0,14233.3,30.0,16.4
2013,Cerebrovascular Disease (Stroke: I60-I69),M,Asian and Pacific Islander,71.0,5546.9,12.8,16.1
2013,Cerebrovascular Disease (Stroke: I60-I69),M,Black Non-Hispanic,191.0,8565.0,22.3,25.0
2013,Cerebrovascular Disease (Stroke: I60-I69),M,Hispanic,158.0,11791.0,13.4,20.8
2013,Cerebrovascular Disease (Stroke: I60-I69),M,Other Race/ Ethnicity,10.0,,,
2013,Cerebrovascular Disease (Stroke: I60-I69),M,White Non-Hispanic,249.0,13459.5,18.5,15.1
2013,Certain Conditions originating in the Perinatal Period (P00-P96),F,Not Stated/Unknown,9.0,,,
2013,Certain Conditions originating in the Perinatal Period (P00-P96),F,Other Race/ Ethnicity,,,,
2013,Certain Conditions originating in the Perinatal Period (P00-P96),M,Not Stated/Unknown,25.0,,,
2013,"Chronic Liver Disease and Cirrhosis (K70, K73)",M,Asian and Pacific Islander,29.0,5576.9,5.2,5.4
2013,"Chronic Liver Disease and Cirrhosis (K70, K73)",M,Hispanic,149.0,11825.4,12.6,15.7
2013,"Chronic Liver Disease and Cirrhosis (K70, K73)",M,Not Stated/Unknown,16.0,,,
2013,"Chronic Liver Disease and Cirrhosis (K70, K73)",M,Other Race/ Ethnicity,,,,
2013,Chronic Lower Respiratory Diseases (J40-J47),F,Asian and Pacific Islander,27.0,6000.0,4.5,5.2
2013,Chronic Lower Respiratory Diseases (J40-J47),F,Black Non-Hispanic,258.0,10445.3,24.7,20.8
2013,Chronic Lower Respiratory Diseases (J40-J47),F,Hispanic,168.0,12444.4,13.5,14.8
2013,Chronic Lower Respiratory Diseases (J40-J47),F,Not Stated/Unknown,9.0,,,
2013,Chronic Lower Respiratory Diseases (J40-J47),F,White Non-Hispanic,521.0,14235.0,36.6,21.6
2013,Chronic Lower Respiratory Diseases (J40-J47),M,Asian and Pacific Islander,72.0,5538.5,13.0,18.5
2013,Chronic Lower Respiratory Diseases (J40-J47),M,Black Non-Hispanic,184.0,8598.1,21.4,26.1
2013,Chronic Lower Respiratory Diseases (J40-J47),M,Hispanic,142.0,11833.3,12.0,20.0
2013,Chronic Lower Respiratory Diseases (J40-J47),M,Not Stated/Unknown,15.0,,,
2013,Chronic Lower Respiratory Diseases (J40-J47),M,Other Race/ Ethnicity,,,,
2013,Chronic Lower Respiratory Diseases (J40-J47),M,White Non-Hispanic,437.0,13446.2,32.5,26.4
2013,Diabetes Mellitus (E10-E14),F,Asian and Pacific Islander,60.0,6000.0,10.0,10.9
2013,Diabetes Mellitus (E10-E14),F,Black Non-Hispanic,410.0,10432.6,39.3,33.1
2013,Diabetes Mellitus (E10-E14),F,Hispanic,221.0,12485.9,17.7,19.6
2013,Diabetes Mellitus (E10-E14),F,Not Stated/Unknown,15.0,,,
2013,Diabetes Mellitus (E10-E14),F,Other Race/ Ethnicity,10.0,,,
2013,Diabetes Mellitus (E10-E14),F,White Non-Hispanic,238.0,14251.5,16.7,10.4
2013,Diabetes Mellitus (E10-E14),M,Asian and Pacific Islander,96.0,5549.1,17.3,21.1
2013,Diabetes Mellitus (E10-E14),M,Black Non-Hispanic,300.0,8571.4,35.0,41.1
2013,Diabetes Mellitus (E10-E14),M,Hispanic,192.0,11779.1,16.3,24.9
2013,Diabetes Mellitus (E10-E14),M,Not Stated/Unknown,19.0,,,
2013,Diabetes Mellitus (E10-E14),M,Other Race/ Ethnicity,17.0,,,
2013,Diabetes Mellitus (E10-E14),M,White Non-Hispanic,265.0,13451.8,19.7,16.4
2013,"Diseases of Heart (I00-I09, I11, I13, I20-I51)",F,Asian and Pacific Islander,437.0,6002.7,72.8,81.8
2013,"Diseases of Heart (I00-I09, I11, I13, I20-I51)",F,Black Non-Hispanic,2365.0,10446.1,226.4,187.3
2013,"Diseases of Heart (I00-I09, I11, I13, I20-I51)",F,Hispanic,1261.0,12485.1,101.0,113.6
2013,"Diseases of Heart (I00-I09, I11, I13, I20-I51)",F,Not Stated/Unknown,106.0,,,
2013,"Diseases of Heart (I00-I09, I11, I13, I20-I51)",F,Other Race/ Ethnicity,41.0,,,
2013,"Diseases of Heart (I00-I09, I11, I13, I20-I51)",F,White Non-Hispanic,4535.0,14216.3,319.0,160.6
2013,"Diseases of Heart (I00-I09, I11, I13, I20-I51)",M,Asian and Pacific Islander,531.0,5542.8,95.8,123.7
2013,"Diseases of Heart (I00-I09, I11, I13, I20-I51)",M,Black Non-Hispanic,1868.0,8580.6,217.7,258.5
2013,"Diseases of Heart (I00-I09, I11, I13, I20-I51)",M,Hispanic,1307.0,11806.7,110.7,183.3
2013,"Diseases of Heart (I00-I09, I11, I13, I20-I51)",M,Not Stated/Unknown,151.0,,,
2013,"Diseases of Heart (I00-I09, I11, I13, I20-I51)",M,Other Race/ Ethnicity,72.0,,,
2013,"Diseases of Heart (I00-I09, I11, I13, I20-I51)",M,White Non-Hispanic,4085.0,13459.6,303.5,244.3
2013,"Essential Hypertension and Renal Diseases (I10, I12)",F,Asian and Pacific Islander,50.0,6024.1,8.3,9.3
2013,"Essential Hypertension and Renal Diseases (I10, I12)",F,Black Non-Hispanic,240.0,10434.8,23.0,18.9
2013,"Essential Hypertension and Renal Diseases (I10, I12)",F,Hispanic,103.0,12409.6,8.3,9.3
2013,"Essential Hypertension and Renal Diseases (I10, I12)",F,Not Stated/Unknown,7.0,,,
2013,"Essential Hypertension and Renal Diseases (I10, I12)",F,Other Race/ Ethnicity,8.0,,,
2013,"Essential Hypertension and Renal Diseases (I10, I12)",F,White Non-Hispanic,206.0,14206.9,14.5,7.5
2013,"Essential Hypertension and Renal Diseases (I10, I12)",M,Asian and Pacific Islander,33.0,5500.0,6.0,8.4
2013,"Essential Hypertension and Renal Diseases (I10, I12)",M,Black Non-Hispanic,148.0,8604.7,17.2,20.9
2013,"Essential Hypertension and Renal Diseases (I10, I12)",M,Not Stated/Unknown,15.0,,,
2013,"Essential Hypertension and Renal Diseases (I10, I12)",M,Other Race/ Ethnicity,5.0,,,
2013,"Essential Hypertension and Renal Diseases (I10, I12)",M,White Non-Hispanic,156.0,13448.3,11.6,9.3
2013,Human Immunodeficiency Virus Disease (HIV: B20-B24),F,Black Non-Hispanic,107.0,10490.2,10.2,8.7
2013,Human Immunodeficiency Virus Disease (HIV: B20-B24),M,Black Non-Hispanic,204.0,8571.4,23.8,23.2
2013,Human Immunodeficiency Virus Disease (HIV: B20-B24),M,Hispanic,122.0,11844.7,10.3,11.3
2013,Influenza (Flu) and Pneumonia (J09-J18),F,Asian and Pacific Islander,78.0,6000.0,13.0,14.6
2013,Influenza (Flu) and Pneumonia (J09-J18),F,Black Non-Hispanic,285.0,10439.6,27.3,22.5
2013,Influenza (Flu) and Pneumonia (J09-J18),F,Hispanic,204.0,12515.3,16.3,18.5
2013,Influenza (Flu) and Pneumonia (J09-J18),F,Not Stated/Unknown,18.0,,,
2013,Influenza (Flu) and Pneumonia (J09-J18),F,Other Race/ Ethnicity,6.0,,,
2013,Influenza (Flu) and Pneumonia (J09-J18),F,White Non-Hispanic,622.0,14233.4,43.7,22.1
2013,Influenza (Flu) and Pneumonia (J09-J18),M,Asian and Pacific Islander,102.0,5543.5,18.4,26.8
2013,Influenza (Flu) and Pneumonia (J09-J18),M,Black Non-Hispanic,274.0,8589.3,31.9,40.0
2013,Influenza (Flu) and Pneumonia (J09-J18),M,Hispanic,233.0,11827.4,19.7,33.1
2013,Influenza (Flu) and Pneumonia (J09-J18),M,Not Stated/Unknown,24.0,,,
2013,Influenza (Flu) and Pneumonia (J09-J18),M,Other Race/ Ethnicity,8.0,,,
2013,Influenza (Flu) and Pneumonia (J09-J18),M,White Non-Hispanic,618.0,13464.1,45.9,36.7
2013,"Intentional Self-Harm (Suicide: X60-X84, Y87.0)",F,Other Race/ Ethnicity,5.0,,,
2013,"Intentional Self-Harm (Suicide: X60-X84, Y87.0)",M,Asian and Pacific Islander,41.0,5540.5,7.4,7.2
2013,"Intentional Self-Harm (Suicide: X60-X84, Y87.0)",M,Not Stated/Unknown,17.0,,,
2013,"Intentional Self-Harm (Suicide: X60-X84, Y87.0)",M,Other Race/ Ethnicity,6.0,,,
2013,"Intentional Self-Harm (Suicide: X60-X84, Y87.0)",M,White Non-Hispanic,204.0,13421.1,15.2,13.6
2013,Malignant Neoplasms (Cancer: C00-C97),F,Asian and Pacific Islander,467.0,6002.6,77.8,79.6
2013,Malignant Neoplasms (Cancer: C00-C97),F,Black Non-Hispanic,1784.0,10445.0,170.8,145.5
2013,Malignant Neoplasms (Cancer: C00-C97),F,Hispanic,1149.0,12475.6,92.1,99.9
2013,Malignant Neoplasms (Cancer: C00-C97),F,Not Stated/Unknown,94.0,,,
2013,Malignant Neoplasms (Cancer: C00-C97),F,Other Race/ Ethnicity,43.0,,,
2013,Malignant Neoplasms (Cancer: C00-C97),F,White Non-Hispanic,3187.0,14215.0,224.2,153.3
2013,Malignant Neoplasms (Cancer: C00-C97),M,Asian and Pacific Islander,633.0,5542.9,114.2,130.9
2013,Malignant Neoplasms (Cancer: C00-C97),M,Black Non-Hispanic,1592.0,8582.2,185.5,212.8
2013,Malignant Neoplasms (Cancer: C00-C97),M,Hispanic,1146.0,11802.3,97.1,148.5
2013,Malignant Neoplasms (Cancer: C00-C97),M,Not Stated/Unknown,99.0,,,
2013,Malignant Neoplasms (Cancer: C00-C97),M,Other Race/ Ethnicity,32.0,,,
2013,Malignant Neoplasms (Cancer: C00-C97),M,White Non-Hispanic,3132.0,13459.4,232.7,194.5
2013,"Mental and Behavioral Disorders due to Accidental Poisoning and Other Psychoactive Substance Use (F11-F16, F18-F19, X40-X42, X44)",F,Hispanic,63.0,12600.0,5.0,4.9
2013,"Mental and Behavioral Disorders due to Accidental Poisoning and Other Psychoactive Substance Use (F11-F16, F18-F19, X40-X42, X44)",F,Not Stated/Unknown,6.0,,,
2013,"Mental and Behavioral Disorders due to Accidental Poisoning and Other Psychoactive Substance Use (F11-F16, F18-F19, X40-X42, X44)",M,Hispanic,188.0,11823.9,15.9,16.6
2013,"Mental and Behavioral Disorders due to Accidental Poisoning and Other Psychoactive Substance Use (F11-F16, F18-F19, X40-X42, X44)",M,Not Stated/Unknown,21.0,,,
2013,"Mental and Behavioral Disorders due to Accidental Poisoning and Other Psychoactive Substance Use (F11-F16, F18-F19, X40-X42, X44)",M,White Non-Hispanic,286.0,13490.6,21.2,19.5
2013,"Nephritis, Nephrotic Syndrome and Nephrisis (N00-N07, N17-N19, N25-N27)",F,Black Non-Hispanic,93.0,10449.4,8.9,7.6
2013,"Nephritis, Nephrotic Syndrome and Nephrisis (N00-N07, N17-N19, N25-N27)",F,Other Race/ Ethnicity,,,,
2013,Septicemia (A40-A41),F,Asian and Pacific Islander,16.0,5925.9,2.7,2.9
2013,Septicemia (A40-A41),F,White Non-Hispanic,135.0,14210.5,9.5,5.0
2013,Viral Hepatitis (B15-B19),F,Asian and Pacific Islander,15.0,6000.0,2.5,2.5
2014,"Accidents Except Drug Posioning (V01-X39, X43, X45-X59, Y85-Y86)",F,Asian and Pacific Islander,42.0,6268.7,6.7,6.9
2014,"Accidents Except Drug Posioning (V01-X39, X43, X45-X59, Y85-Y86)",F,Hispanic,64.0,12549.0,5.1,5.4
2014,"Accidents Except Drug Posioning (V01-X39, X43, X45-X59, Y85-Y86)",F,Not Stated/Unknown,,,,
2014,"Accidents Except Drug Posioning (V01-X39, X43, X45-X59, Y85-Y86)",F,Other Race/ Ethnicity,6.0,,,
2014,"Accidents Except Drug Posioning (V01-X39, X43, X45-X59, Y85-Y86)",F,White Non-Hispanic,169.0,14201.7,11.9,7.4
2014,"Accidents Except Drug Posioning (V01-X39, X43, X45-X59, Y85-Y86)",M,Asian and Pacific Islander,68.0,5714.3,11.9,13.3
2014,"Accidents Except Drug Posioning (V01-X39, X43, X45-X59, Y85-Y86)",M,Black Non-Hispanic,148.0,8655.0,17.1,17.7
2014,"Accidents Except Drug Posioning (V01-X39, X43, X45-X59, Y85-Y86)",M,Hispanic,176.0,11972.8,14.7,16.9
2014,"Accidents Except Drug Posioning (V01-X39, X43, X45-X59, Y85-Y86)",M,Other Race/ Ethnicity,12.0,,,
2014,"Accidents Except Drug Posioning (V01-X39, X43, X45-X59, Y85-Y86)",M,White Non-Hispanic,258.0,13437.5,19.2,16.4
2014,All Other Causes,F,Asian and Pacific Islander,339.0,6254.6,54.2,59.0
2014,All Other Causes,F,Black Non-Hispanic,1536.0,10491.8,146.4,126.4
2014,All Other Causes,F,Hispanic,1135.0,12667.4,89.6,96.0
2014,All Other Causes,F,Not Stated/Unknown,48.0,,,
2014,All Other Causes,F,Other Race/ Ethnicity,59.0,,,
2014,All Other Causes,F,White Non-Hispanic,2578.0,14172.6,181.9,110.7
2014,All Other Causes,M,Asian and Pacific Islander,424.0,5737.5,73.9,90.4
2014,All Other Causes,M,Black Non-Hispanic,1375.0,8631.5,159.3,177.8
2014,All Other Causes,M,Hispanic,1195.0,11938.1,100.1,143.3
2014,All Other Causes,M,Not Stated/Unknown,96.0,,,
2014,All Other Causes,M,Other Race/ Ethnicity,74.0,,,
2014,All Other Causes,M,White Non-Hispanic,2275.0,13429.8,169.4,141.3
2014,Alzheimer's Disease (G30),F,Asian and Pacific Islander,26.0,6190.5,4.2,4.7
2014,Alzheimer's Disease (G30),F,Black Non-Hispanic,123.0,10512.8,11.7,9.2
2014,Alzheimer's Disease (G30),F,Hispanic,142.0,12678.6,11.2,12.5
2014,Alzheimer's Disease (G30),F,Not Stated/Unknown,,,,
2014,Alzheimer's Disease (G30),F,White Non-Hispanic,276.0,14153.8,19.5,8.6
2014,"Assault (Homicide: Y87.1, X85-Y09)",M,Black Non-Hispanic,186.0,8651.2,21.5,21.5
2014,Cerebrovascular Disease (Stroke: I60-I69),F,Asian and Pacific Islander,112.0,6257.0,17.9,19.1
2014,Cerebrovascular Disease (Stroke: I60-I69),F,Black Non-Hispanic,274.0,10498.1,26.1,21.4
2014,Cerebrovascular Disease (Stroke: I60-I69),F,Hispanic,220.0,12643.7,17.4,19.0
2014,Cerebrovascular Disease (Stroke: I60-I69),F,Not Stated/Unknown,10.0,,,
2014,Cerebrovascular Disease (Stroke: I60-I69),F,Other Race/ Ethnicity,8.0,,,
2014,Cerebrovascular Disease (Stroke: I60-I69),F,White Non-Hispanic,418.0,14169.5,29.5,15.6
2014,Cerebrovascular Disease (Stroke: I60-I69),M,Asian and Pacific Islander,91.0,5723.3,15.9,19.3
2014,Cerebrovascular Disease (Stroke: I60-I69),M,Black Non-Hispanic,197.0,8640.4,22.8,26.4
2014,Cerebrovascular Disease (Stroke: I60-I69),M,Hispanic,165.0,11956.5,13.8,20.4
2014,Cerebrovascular Disease (Stroke: I60-I69),M,Not Stated/Unknown,8.0,,,
2014,Cerebrovascular Disease (Stroke: I60-I69),M,Other Race/ Ethnicity,7.0,,,
2014,Cerebrovascular Disease (Stroke: I60-I69),M,White Non-Hispanic,277.0,13446.6,20.6,16.8
2014,Certain Conditions originating in the Perinatal Period (P00-P96),F,Not Stated/Unknown,10.0,,,
2014,Certain Conditions originating in the Perinatal Period (P00-P96),M,Not Stated/Unknown,25.0,,,
2014,Certain Conditions originating in the Perinatal Period (P00-P96),M,Other Race/ Ethnicity,8.0,,,
2014,"Chronic Liver Disease and Cirrhosis (K70, K73)",F,Hispanic,66.0,12692.3,5.2,5.4
2014,"Chronic Liver Disease and Cirrhosis (K70, K73)",F,Not Stated/Unknown,,,,
2014,"Chronic Liver Disease and Cirrhosis (K70, K73)",M,Asian and Pacific Islander,31.0,5740.7,5.4,5.3
2014,"Chronic Liver Disease and Cirrhosis (K70, K73)",M,Hispanic,164.0,11970.8,13.7,16.7
2014,"Chronic Liver Disease and Cirrhosis (K70, K73)",M,Other Race/ Ethnicity,10.0,,,
2014,Chronic Lower Respiratory Diseases (J40-J47),F,Asian and Pacific Islander,36.0,6206.9,5.8,6.3
2014,Chronic Lower Respiratory Diseases (J40-J47),F,Black Non-Hispanic,220.0,10476.2,21.0,17.9
2014,Chronic Lower Respiratory Diseases (J40-J47),F,Hispanic,193.0,12697.4,15.2,16.8
2014,Chronic Lower Respiratory Diseases (J40-J47),F,Not Stated/Unknown,12.0,,,
2014,Chronic Lower Respiratory Diseases (J40-J47),F,Other Race/ Ethnicity,6.0,,,
2014,Chronic Lower Respiratory Diseases (J40-J47),F,White Non-Hispanic,515.0,14187.3,36.3,21.0
2014,Chronic Lower Respiratory Diseases (J40-J47),M,Asian and Pacific Islander,95.0,5722.9,16.6,22.9
2014,Chronic Lower Respiratory Diseases (J40-J47),M,Black Non-Hispanic,186.0,8651.2,21.5,25.4
2014,Chronic Lower Respiratory Diseases (J40-J47),M,Hispanic,145.0,11983.5,12.1,19.3
2014,Chronic Lower Respiratory Diseases (J40-J47),M,Not Stated/Unknown,14.0,,,
2014,Chronic Lower Respiratory Diseases (J40-J47),M,White Non-Hispanic,399.0,13434.3,29.7,24.0
2014,"Congenital Malformations, Deformations, and Chromosomal Abnormalities (Q00-Q99)",F,Not Stated/Unknown,,,,
2014,"Congenital Malformations, Deformations, and Chromosomal Abnormalities (Q00-Q99)",F,Other Race/ Ethnicity,,,,
2014,Diabetes Mellitus (E10-E14),F,Asian and Pacific Islander,50.0,6250.0,8.0,8.5
2014,Diabetes Mellitus (E10-E14),F,Black Non-Hispanic,398.0,10501.3,37.9,31.6
2014,Diabetes Mellitus (E10-E14),F,Hispanic,209.0,12666.7,16.5,17.9
2014,Diabetes Mellitus (E10-E14),F,Not Stated/Unknown,9.0,,,
2014,Diabetes Mellitus (E10-E14),F,Other Race/ Ethnicity,11.0,,,
2014,Diabetes Mellitus (E10-E14),F,White Non-Hispanic,228.0,14161.5,16.1,10.0
2014,Diabetes Mellitus (E10-E14),M,Asian and Pacific Islander,71.0,5725.8,12.4,14.2
2014,Diabetes Mellitus (E10-E14),M,Black Non-Hispanic,318.0,8641.3,36.8,42.2
2014,Diabetes Mellitus (E10-E14),M,Hispanic,186.0,11923.1,15.6,23.2
2014,Diabetes Mellitus (E10-E14),M,Not Stated/Unknown,8.0,,,
2014,Diabetes Mellitus (E10-E14),M,Other Race/ Ethnicity,18.0,,,
2014,Diabetes Mellitus (E10-E14),M,White Non-Hispanic,292.0,13456.2,21.7,18.1
2014,"Diseases of Heart (I00-I09, I11, I13, I20-I51)",F,Asian and Pacific Islander,462.0,6260.2,73.8,81.1
2014,"Diseases of Heart (I00-I09, I11, I13, I20-I51)",F,Black Non-Hispanic,2194.0,10492.6,209.1,169.1
2014,"Diseases of Heart (I00-I09, I11, I13, I20-I51)",F,Hispanic,1230.0,12667.4,97.1,106.7
2014,"Diseases of Heart (I00-I09, I11, I13, I20-I51)",F,Not Stated/Unknown,95.0,,,
2014,"Diseases of Heart (I00-I09, I11, I13, I20-I51)",F,Other Race/ Ethnicity,68.0,,,
2014,"Diseases of Heart (I00-I09, I11, I13, I20-I51)",F,White Non-Hispanic,4507.0,14173.0,318.0,161.0
2014,"Diseases of Heart (I00-I09, I11, I13, I20-I51)",M,Asian and Pacific Islander,554.0,5740.9,96.5,118.5
2014,"Diseases of Heart (I00-I09, I11, I13, I20-I51)",M,Black Non-Hispanic,1958.0,8633.2,226.8,264.7
2014,"Diseases of Heart (I00-I09, I11, I13, I20-I51)",M,Hispanic,1281.0,11938.5,107.3,170.5
2014,"Diseases of Heart (I00-I09, I11, I13, I20-I51)",M,Not Stated/Unknown,115.0,,,
2014,"Diseases of Heart (I00-I09, I11, I13, I20-I51)",M,Other Race/ Ethnicity,63.0,,,
2014,"Diseases of Heart (I00-I09, I11, I13, I20-I51)",M,White Non-Hispanic,3990.0,13429.8,297.1,238.4
2014,"Essential Hypertension and Renal Diseases (I10, I12)",F,Asian and Pacific Islander,29.0,6304.3,4.6,5.1
2014,"Essential Hypertension and Renal Diseases (I10, I12)",F,Black Non-Hispanic,207.0,10507.6,19.7,15.9
2014,"Essential Hypertension and Renal Diseases (I10, I12)",F,Hispanic,116.0,12608.7,9.2,10.1
2014,"Essential Hypertension and Renal Diseases (I10, I12)",F,Not Stated/Unknown,,,,
2014,"Essential Hypertension and Renal Diseases (I10, I12)",F,Other Race/ Ethnicity,,,,
2014,"Essential Hypertension and Renal Diseases (I10, I12)",F,White Non-Hispanic,180.0,14173.2,12.7,6.7
2014,"Essential Hypertension and Renal Diseases (I10, I12)",M,Black Non-Hispanic,155.0,8611.1,18.0,21.6
2014,"Essential Hypertension and Renal Diseases (I10, I12)",M,Not Stated/Unknown,9.0,,,
2014,"Essential Hypertension and Renal Diseases (I10, I12)",M,White Non-Hispanic,175.0,13461.5,13.0,10.5
2014,Human Immunodeficiency Virus Disease (HIV: B20-B24),F,Black Non-Hispanic,102.0,10515.5,9.7,8.5
2014,Human Immunodeficiency Virus Disease (HIV: B20-B24),F,Not Stated/Unknown,7.0,,,
2014,Human Immunodeficiency Virus Disease (HIV: B20-B24),M,Black Non-Hispanic,196.0,8634.4,22.7,21.7
2014,Human Immunodeficiency Virus Disease (HIV: B20-B24),M,Hispanic,92.0,11948.1,7.7,8.7
2014,Human Immunodeficiency Virus Disease (HIV: B20-B24),M,Not Stated/Unknown,10.0,,,
2014,Human Immunodeficiency Virus Disease (HIV: B20-B24),M,Other Race/ Ethnicity,10.0,,,
2014,Influenza (Flu) and Pneumonia (J09-J18),F,Asian and Pacific Islander,80.0,6250.0,12.8,14.1
2014,Influenza (Flu) and Pneumonia (J09-J18),F,Black Non-Hispanic,266.0,10513.8,25.3,20.6
2014,Influenza (Flu) and Pneumonia (J09-J18),F,Hispanic,218.0,12674.4,17.2,18.8
2014,Influenza (Flu) and Pneumonia (J09-J18),F,Not Stated/Unknown,11.0,,,
2014,Influenza (Flu) and Pneumonia (J09-J18),F,Other Race/ Ethnicity,9.0,,,
2014,Influenza (Flu) and Pneumonia (J09-J18),F,White Non-Hispanic,563.0,14181.4,39.7,20.4
2014,Influenza (Flu) and Pneumonia (J09-J18),M,Asian and Pacific Islander,105.0,5737.7,18.3,25.0
2014,Influenza (Flu) and Pneumonia (J09-J18),M,Black Non-Hispanic,242.0,8642.9,28.0,33.9
2014,Influenza (Flu) and Pneumonia (J09-J18),M,Hispanic,199.0,11916.2,16.7,26.6
2014,Influenza (Flu) and Pneumonia (J09-J18),M,Not Stated/Unknown,14.0,,,
2014,Influenza (Flu) and Pneumonia (J09-J18),M,Other Race/ Ethnicity,11.0,,,
2014,Influenza (Flu) and Pneumonia (J09-J18),M,White Non-Hispanic,502.0,13422.5,37.4,29.7
2014,"Intentional Self-Harm (Suicide: X60-X84, Y87.0)",F,Asian and Pacific Islander,28.0,6222.2,4.5,4.2
2014,"Intentional Self-Harm (Suicide: X60-X84, Y87.0)",F,Other Race/ Ethnicity,5.0,,,
2014,"Intentional Self-Harm (Suicide: X60-X84, Y87.0)",M,Asian and Pacific Islander,50.0,5747.1,8.7,8.7
2014,"Intentional Self-Harm (Suicide: X60-X84, Y87.0)",M,White Non-Hispanic,204.0,13421.1,15.2,13.4
2014,Malignant Neoplasms (Cancer: C00-C97),F,Asian and Pacific Islander,502.0,6259.4,80.2,80.6
2014,Malignant Neoplasms (Cancer: C00-C97),F,Black Non-Hispanic,1852.0,10492.9,176.5,148.4
2014,Malignant Neoplasms (Cancer: C00-C97),F,Hispanic,1154.0,12667.4,91.1,97.4
2014,Malignant Neoplasms (Cancer: C00-C97),F,Not Stated/Unknown,50.0,,,
2014,Malignant Neoplasms (Cancer: C00-C97),F,Other Race/ Ethnicity,66.0,,,
2014,Malignant Neoplasms (Cancer: C00-C97),F,White Non-Hispanic,3153.0,14170.8,222.5,150.2
2014,Malignant Neoplasms (Cancer: C00-C97),M,Asian and Pacific Islander,657.0,5738.0,114.5,129.5
2014,Malignant Neoplasms (Cancer: C00-C97),M,Black Non-Hispanic,1532.0,8631.0,177.5,199.6
2014,Malignant Neoplasms (Cancer: C00-C97),M,Hispanic,1146.0,11937.5,96.0,143.5
2014,Malignant Neoplasms (Cancer: C00-C97),M,Not Stated/Unknown,73.0,,,
2014,Malignant Neoplasms (Cancer: C00-C97),M,Other Race/ Ethnicity,50.0,,,
2014,Malignant Neoplasms (Cancer: C00-C97),M,White Non-Hispanic,3142.0,13427.4,234.0,195.1
2014,"Mental and Behavioral Disorders due to Accidental Poisoning and Other Psychoactive Substance Use (F11-F16, F18-F19, X40-X42, X44)",F,Not Stated/Unknown,6.0,,,
2014,"Mental and Behavioral Disorders due to Accidental Poisoning and Other Psychoactive Substance Use (F11-F16, F18-F19, X40-X42, X44)",M,Hispanic,191.0,11937.5,16.0,16.6
2014,"Mental and Behavioral Disorders due to Accidental Poisoning and Other Psychoactive Substance Use (F11-F16, F18-F19, X40-X42, X44)",M,Other Race/ Ethnicity,12.0,,,
2014,"Mental and Behavioral Disorders due to Accidental Poisoning and Other Psychoactive Substance Use (F11-F16, F18-F19, X40-X42, X44)",M,White Non-Hispanic,314.0,13418.8,23.4,21.4
2014,"Nephritis, Nephrotic Syndrome and Nephrisis (N00-N07, N17-N19, N25-N27)",F,Black Non-Hispanic,90.0,10465.1,8.6,7.1
2014,"Nephritis, Nephrotic Syndrome and Nephrisis (N00-N07, N17-N19, N25-N27)",M,Asian and Pacific Islander,28.0,5714.3,4.9,5.8
2014,Septicemia (A40-A41),F,White Non-Hispanic,118.0,14216.9,8.3,4.7
2014,Septicemia (A40-A41),M,Not Stated/Unknown,8.0,,,
